视频类型,关联BV号,text,id,播放量,弹幕数,评论数,收藏数,投币数,分享数,点赞数,点踩数,子分区ID,UP主.x,UP主ID,视频链接,抓取小时,抓取时间,稿件发布时间,UP主.y,UP主ID.y,official_role,official_title,official_desc,official_type,if_state,mid,name,sex,data_follower,archive_count,like_num,condition
相关视频,BV1Hk2UYaEDy,导弹 台湾 蔡 英文 二把手 当场 愣 十多,BV1734y187TR,4459786,3946,1572,4547,739,2679,97570,0,热点,央视网,222103174.0,https://www.bilibili.com/video/BV1734y187TR/,197,2024-10-12 22:53,2022-03-11 01:32:40,央视网,222103174.0,5.0,央视网官方账号,,1.0,1,222103174.0,央视网,保密,4424576,23056,180973571,单个自制视频总播放数>=100万
相关视频,BV1yf421q7gz,火遍 全世界 巴黎 奥运 薰衣草 紫 主播 三农,BV1Xf421q7Pd,237537,463,460,780,473,210,28935,0,综合,央视农业,1343321779.0,https://www.bilibili.com/video/BV1Xf421q7Pd/,481,2024-08-09 16:53,2024-08-08 14:07:18,央视农业,1343321779.0,5.0,CCTV-17农业农村频道新闻部官方账号,,1.0,1,1343321779.0,央视农业,保密,2764441,1244,73329829,单个自制视频总播放数>=100万
热门视频,,起猛 俩 外国人 巴黎 中文 聊天,BV1cT421r7EN,269316,724,609,1840,990,1816,18973,0,竞技体育,央视新闻,456664753.0,https://www.bilibili.com/video/BV1cT421r7EN/,202,2024-07-29 01:53,2024-07-29 03:15:43,央视新闻,456664753.0,5.0,央视新闻官方账号,,1.0,1,456664753.0,央视新闻,保密,19538939,7435,351374038,单个自制视频总播放数>=100万
热门视频,,第六 金 莎头 组合 王楚钦 孙颖莎 击败 神秘 之师 朝鲜 组合 夺冠,BV1bE4m1d7sV,378670,714,2134,1292,1884,858,29345,0,热点,新华社,473837611.0,https://www.bilibili.com/video/BV1bE4m1d7sV/,233,2024-07-30 08:53,2024-07-30 13:37:52,新华社,473837611.0,5.0,新华社官方账号,,1.0,1,473837611.0,新华社,保密,16689285,5404,213681222,
相关视频,BV1ey411e7qy,对话 日本 导演 竹内 亮越 真实 越好 理想 手机,BV1aS421d7dA,63889,150,404,287,192,50,4641,0,日常,观察者网,10330740.0,https://www.bilibili.com/video/BV1aS421d7dA/,83,2024-07-24 02:53,2024-07-01 04:34:17,观察者网,10330740.0,5.0,观察者网 官方账号,,1.0,1,10330740.0,观察者网,保密,7380447,18013,448282665,单个自制视频总播放数>=100万
相关视频,BV1pU411S7YN,荒谬 奶茶 鲁迅 形象 配 轻佻 广告词 引 众议,BV1Di42117td,263758,271,1205,755,197,640,9543,0,热点,央视网快看,451320374.0,https://www.bilibili.com/video/BV1Di42117td/,220,2024-07-29 19:53,2024-04-29 08:00:02,央视网快看,451320374.0,5.0,央视网新闻频道官方账号,,1.0,1,451320374.0,央视网快看,保密,1792020,7783,65688189,
相关视频,BV1GfywY7EmU,中国队 零 失误 裁判 意外 低分 日本 当晚 连串 雷击 变电站 起火,BV1p64y167Ta,2315501,15109,8474,12639,6437,16180,219774,0,环球,北方国际观察,703209803.0,https://www.bilibili.com/video/BV1p64y167Ta/,299,2024-10-17 04:53,2021-07-29 04:03:21,北方国际观察,703209803.0,5.0,北方国际观察官方账号,,1.0,1,703209803.0,北方国际观察,男,75181,1863,5388442,
相关视频,BV1sA28YjEKR,中国 肝脏 外科 父 吴孟超 朗读 念 名字,BV12N411Z7yZ,18454,56,55,268,324,107,4427,0,社会,央视网,222103174.0,https://www.bilibili.com/video/BV12N411Z7yZ/,181,2024-10-12 06:53,2021-05-24 05:02:36,央视网,222103174.0,5.0,央视网官方账号,,1.0,1,222103174.0,央视网,保密,4424576,23056,180973571,单个自制视频总播放数>=100万
相关视频,BV149yAYzEHa,国足 赢,BV1av2oYuEEn,198236,211,1457,571,273,907,9199,0,足球,央视频,433587902.0,https://www.bilibili.com/video/BV1av2oYuEEn/,298,2024-10-17 03:53,2024-10-15 14:39:53,央视频,433587902.0,5.0,央视频官方账号,,1.0,1,433587902.0,央视频,保密,3409472,8343,60984318,单个自制视频总播放数>=100万
相关视频,BV1KE4m1d7tx,撒 贝宁 这招 太 厉害 教 院士 需要 大学,BV1Zi4y1P7aY,465285,28,223,642,80,107,8854,0,综合,央视网,222103174.0,https://www.bilibili.com/video/BV1Zi4y1P7aY/,117,2024-07-25 12:53,2021-03-23 03:54:57,央视网,222103174.0,5.0,央视网官方账号,,1.0,1,222103174.0,央视网,保密,4421260,23041,180721583,单个自制视频总播放数>=100万
相关视频,BV1WS421Q7Co,采访 之后 董倩 理解 全红婵 陈芋汐,BV1Bz421i774,218884,390,516,2248,2276,543,37048,0,综合,央视新闻,456664753.0,https://www.bilibili.com/video/BV1Bz421i774/,787,2024-08-22 10:53,2024-08-22 02:36:23,央视新闻,456664753.0,5.0,央视新闻官方账号,,1.0,1,456664753.0,央视新闻,保密,19550189,7442,351768520,单个自制视频总播放数>=100万
相关视频,BV1T7m5YyEN6,突发 以军 遭到 血腥 重创,BV1b8mVY2EfJ,130647,252,470,148,36,60,6736,0,热点,环球时报,10303206.0,https://www.bilibili.com/video/BV1b8mVY2EfJ/,240,2024-10-14 17:53,2024-10-14 03:28:57,环球时报,10303206.0,5.0,环球时报官方账号,,1.0,1,10303206.0,环球时报,保密,1860636,8476,33943955,所有自制视频总播放数>=100万
相关视频,BV1Dw4m1r7KD,安好 无恙 总台 主持人 歌声 盼 一线 抗疫 工作者 凯旋,BV1T741147yh,753340,14183,2040,21625,47252,7766,75692,0,原创音乐,央视新闻,456664753.0,https://www.bilibili.com/video/BV1T741147yh/,697,2024-08-18 16:53,2020-02-09 13:39:58,央视新闻,456664753.0,5.0,央视新闻官方账号,,1.0,1,456664753.0,央视新闻,保密,19550189,7442,351768520,单个自制视频总播放数>=100万
相关视频,BV16TmVYaExj,海空 卫士 王伟 生前 创作 歌曲,BV1Zp4y1b7DU,18215,21,61,169,267,35,4105,0,热点,央视频,433587902.0,https://www.bilibili.com/video/BV1Zp4y1b7DU/,234,2024-10-14 11:53,2021-04-01 05:14:35,央视频,433587902.0,5.0,央视频官方账号,,1.0,1,433587902.0,央视频,保密,3409472,8343,60984318,单个自制视频总播放数>=100万
相关视频,BV164421Z7Fg,哈里斯 受访 频频 大笑 特朗普 吐槽 问题,BV1gy4y187og,862912,3241,1448,2026,173,1199,23687,0,环球,观察者网,10330740.0,https://www.bilibili.com/video/BV1gy4y187og/,55,2024-07-22 22:53,2020-10-27 07:55:40,观察者网,10330740.0,5.0,观察者网 官方账号,,1.0,1,10330740.0,观察者网,保密,7380447,18013,448282665,单个自制视频总播放数>=100万
相关视频,BV1jJxae6EuM,祝福 祖国 天安门广场 国庆 升国旗 仪式,BV173x8eMEqh,113805,2013,764,2048,2787,1660,20126,0,热点,新华社,473837611.0,https://www.bilibili.com/video/BV173x8eMEqh/,1695,2024-09-29 06:53,2024-09-30 22:37:13,新华社,473837611.0,5.0,新华社官方账号,,1.0,1,473837611.0,新华社,保密,16701611,5412,211674683,
相关视频,BV1vS2vYJEZk,韩国 女主播 印度 街头 直播 骚扰 名 涉事 被捕,BV1CM41167zu,1844566,704,1201,2113,135,639,43455,0,环球,观察者网,10330740.0,https://www.bilibili.com/video/BV1CM41167zu/,227,2024-10-14 04:53,2022-12-02 02:55:12,观察者网,10330740.0,5.0,观察者网 官方账号,,1.0,1,10330740.0,观察者网,保密,7379254,18033,455949955,单个自制视频总播放数>=100万
相关视频,BV1fv2JYCEwy,卖瓜 大爷 误上 高架桥 遇车 爆胎 无助 铁骑 民警,BV1mW421X7Q6,103490,12,88,167,206,5,15145,0,社会,河南民生频道,403207842.0,https://www.bilibili.com/video/BV1mW421X7Q6/,113,2024-10-09 10:53,2024-07-26 08:44:44,河南民生频道,403207842.0,5.0,河南广播电视台民生频道《大参考》栏目官方账号,,1.0,1,403207842.0,河南民生频道,保密,196197,2182,6288055,单个自制视频总播放数>=100万
相关视频,BV1ci421a7oF,倪夏莲 止步 乒乓球 女单 强 退场 观众 起立 鼓掌 倪夏莲 感动 落泪,BV12M4m1y7Zq,219554,54,416,600,324,201,22368,0,环球,环球网,483787858.0,https://www.bilibili.com/video/BV12M4m1y7Zq/,270,2024-07-31 21:53,2024-07-31 13:55:48,环球网,483787858.0,5.0,环球网官方账号,,1.0,1,483787858.0,环球网,保密,1421269,30048,210348227,单个自制视频总播放数>=100万
相关视频,BV14T42167Rw,巴黎 奥运会 开幕 当天 一名 教练 巴黎 奥运村 不幸 离世 终年,BV1Ai421a7Zg,136164,45,186,145,8,67,6508,0,综合,环球网,483787858.0,https://www.bilibili.com/video/BV1Ai421a7Zg/,184,2024-07-28 07:53,2024-07-28 01:49:06,环球网,483787858.0,5.0,环球网官方账号,,1.0,1,483787858.0,环球网,保密,1421269,30048,210348227,单个自制视频总播放数>=100万
相关视频,BV1tUycYNEdg,受贿 超亿 贪腐 长达 辽宁省 公安厅 三任 厅长 前腐 后继,BV1m94y1M7bc,1543373,13671,1965,11684,7840,20206,65740,0,综合,央视新闻,456664753.0,https://www.bilibili.com/video/BV1m94y1M7bc/,311,2024-10-17 16:53,2024-01-07 02:44:11,央视新闻,456664753.0,5.0,央视新闻官方账号,,1.0,1,456664753.0,央视新闻,保密,19557420,7446,351921617,单个自制视频总播放数>=100万
热门视频,,幽灵 外卖 热销 店铺,BV1vT421z7BX,311288,375,1323,1661,854,715,20147,0,科学科普,中国食品报融媒体,439478093.0,https://www.bilibili.com/video/BV1vT421z7BX/,966,2024-08-29 21:53,2024-08-30 09:31:51,中国食品报融媒体,439478093.0,5.0,中国食品报融媒体官方帐号,,1.0,1,439478093.0,中国食品报融媒体,保密,3805502,445,52587388,单个自制视频总播放数>=100万
相关视频,BV1UuxKeHE1V,年龄 仅岁 遗骨 鉴定 还原 烈士 战斗 场景,BV11M4m1y7QD,150776,560,265,1712,2767,337,25508,0,热点,央视新闻,456664753.0,https://www.bilibili.com/video/BV11M4m1y7QD/,1710,2024-09-29 21:53,2024-08-15 02:03:34,央视新闻,456664753.0,5.0,央视新闻官方账号,,1.0,1,456664753.0,央视新闻,保密,19554364,7443,351841688,单个自制视频总播放数>=100万
相关视频,BV1arxbeZE6E,疫情 全 回顾 沧海横流 方显 英雄本色,BV1mA411873K,28054,127,133,521,534,249,6533,0,热点,央视频,433587902.0,https://www.bilibili.com/video/BV1mA411873K/,1694,2024-09-29 05:53,2020-04-04 10:09:51,央视频,433587902.0,5.0,央视频官方账号,,1.0,1,433587902.0,央视频,保密,3408954,8334,60954264,单个自制视频总播放数>=100万
相关视频,BV1FKsYeLEsN,日本 护卫舰 侵闯 中国 领海 日方 承认 犯下 严重错误,BV1Xtsqe1EYJ,407277,632,2379,1572,416,2938,30693,0,综合,央视网,222103174.0,https://www.bilibili.com/video/BV1Xtsqe1EYJ/,1571,2024-09-24 02:53,2024-09-25 01:29:10,央视网,222103174.0,5.0,央视网官方账号,,1.0,1,222103174.0,央视网,保密,4424576,23056,180973571,单个自制视频总播放数>=100万
相关视频,BV1ci421a7oF,伊朗 最高 领袖 哈梅内伊 发声 哈尼亚 死 伊朗 领土 复仇 伊朗 责任,BV1Yz421B7iB,287138,328,1730,499,74,569,15524,0,热点,环球网,483787858.0,https://www.bilibili.com/video/BV1Yz421B7iB/,270,2024-07-31 21:53,2024-07-31 09:10:47,环球网,483787858.0,5.0,环球网官方账号,,1.0,1,483787858.0,环球网,保密,1421269,30048,210348227,单个自制视频总播放数>=100万
相关视频,BV1k52oYXEkk,农业 科普 蛙 蛙 养殖 防 逃逸 防病 要点 主播 三农,BV1XDmjYfEL5,358679,3061,4084,11305,32516,15436,79138,0,综合,央视农业,1343321779.0,https://www.bilibili.com/video/BV1XDmjYfEL5/,264,2024-10-15 17:53,2024-10-14 12:05:12,央视农业,1343321779.0,5.0,CCTV-17农业农村频道新闻部官方账号,,1.0,1,1343321779.0,央视农业,保密,2769289,1247,73498539,单个自制视频总播放数>=100万
热门视频,,一张 照片 距离 有多远,BV1sJmGYvEG2,835966,29,129,609,516,382,4879,0,综合,央视新闻,456664753.0,https://www.bilibili.com/video/BV1sJmGYvEG2/,292,2024-10-16 21:53,2024-10-14 10:00:00,央视新闻,456664753.0,5.0,央视新闻官方账号,,1.0,1,456664753.0,央视新闻,保密,19557420,7446,351921617,单个自制视频总播放数>=100万
相关视频,BV1AM4m117Nm,查出 轻度 脂肪肝 半年 水 煮菜 蒸 杂粮 变成 中重度 脂肪肝,BV17f421B7Lf,178646,26,458,461,23,1208,3107,0,热点,红星视频,526890129.0,https://www.bilibili.com/video/BV17f421B7Lf/,737,2024-08-20 08:53,2024-08-20 08:30:56,红星视频,526890129.0,5.0,成都商报红星新闻官方账号,,1.0,1,526890129.0,红星视频,保密,206897,32685,66943511,单个自制视频总播放数>=100万
相关视频,BV1fv2JYCEwy,杠精小常 代孕 中介 找女 大学生 捐卵 抓 现行 逃跑 记者 一路 追逐 当街 堵住 报警,BV1hZ4y1c7Uh,681708,1745,1878,3410,12052,1274,47656,0,社会,河南民生频道,403207842.0,https://www.bilibili.com/video/BV1hZ4y1c7Uh/,113,2024-10-09 10:53,2021-04-01 10:30:11,河南民生频道,403207842.0,5.0,河南广播电视台民生频道《大参考》栏目官方账号,,1.0,1,403207842.0,河南民生频道,保密,196197,2182,6288055,单个自制视频总播放数>=100万
相关视频,BV1Ds2qY5EjH,朝鲜 指示 边境 部队 进入 射击 准备 态势,BV1epmVYHEHU,67328,22,292,164,24,463,5820,0,环球,央视网,222103174.0,https://www.bilibili.com/video/BV1epmVYHEHU/,228,2024-10-14 05:53,2024-10-14 02:23:11,央视网,222103174.0,5.0,央视网官方账号,,1.0,1,222103174.0,央视网,保密,4425429,23062,193287264,单个自制视频总播放数>=100万
相关视频,BV1AztQejEDJ,河南 农村 偷频 搜 评,BV13c411Z7s2,696980,3566,7141,6108,17582,4038,93319,0,综合,央视农业,1343321779.0,https://www.bilibili.com/video/BV13c411Z7s2/,1439,2024-09-18 14:53,2023-10-26 09:00:00,央视农业,1343321779.0,5.0,CCTV-17农业农村频道新闻部官方账号,,1.0,1,1343321779.0,央视农业,保密,2767418,1247,73437459,单个自制视频总播放数>=100万
相关视频,BV1a1yNYXEQf,整盆 臭 云南昆明 学校食堂 肉品 散发 异味 官方 立案 调查,BV1i3ywYJEFw,134996,0,103,183,70,284,3387,0,社会,青蜂侠-Bee,328271007.0,https://www.bilibili.com/video/BV1i3ywYJEFw/,307,2024-10-17 12:53,2024-10-17 00:42:42,青蜂侠-Bee,328271007.0,5.0,中国青年网短视频官方账号,,1.0,1,328271007.0,青蜂侠-Bee,保密,570278,20290,59352333,单个自制视频总播放数>=100万
相关视频,BV1HZtNe2EhM,猫咪 举 高高 失重 感令 出声 猫 人类 跳楼 机嘛,BV1PS4be7EBu,28436,4,35,231,18,149,2322,0,社会,东方今报,493260599.0,https://www.bilibili.com/video/BV1PS4be7EBu/,1329,2024-09-14 00:53,2024-09-13 06:14:37,东方今报,493260599.0,5.0,东方今报社官方账号,,1.0,1,493260599.0,东方今报,保密,192185,20876,79189796,单个自制视频总播放数>=100万
相关视频,BV1JS42197xd,借着 请战 事 科普 商量 下主播 三农,BV1FD421P7Fx,1352149,5245,2965,7072,27258,2108,216171,0,三农,央视农业,1343321779.0,https://www.bilibili.com/video/BV1FD421P7Fx/,270,2024-07-31 21:53,2024-05-14 03:00:00,央视农业,1343321779.0,5.0,CCTV-17农业农村频道新闻部官方账号,,1.0,1,1343321779.0,央视农业,保密,2764441,1244,73329829,单个自制视频总播放数>=100万
热门视频,,美国 虚伪 兴奋剂 口号 下藏 违规 黑幕,BV1SU411U7rv,149549,585,972,2540,7535,1396,24728,0,人文历史,央视新闻,456664753.0,https://www.bilibili.com/video/BV1SU411U7rv/,462,2024-08-08 21:53,2024-08-09 08:43:33,央视新闻,456664753.0,5.0,央视新闻官方账号,,1.0,1,456664753.0,央视新闻,保密,19538939,7435,351374038,单个自制视频总播放数>=100万
相关视频,BV1cT421r7EN,主播 联播 突破 卡脖子 单打 冠军 不可或缺,BV1Z64y1W7P1,100516,25,134,204,274,163,17407,0,社会,央视新闻,456664753.0,https://www.bilibili.com/video/BV1Z64y1W7P1/,202,2024-07-29 01:53,2021-08-06 15:11:19,央视新闻,456664753.0,5.0,央视新闻官方账号,,1.0,1,456664753.0,央视新闻,保密,19538939,7435,351374038,单个自制视频总播放数>=100万
相关视频,BV1cT421r7EN,年前 一天 中国 永远 铭记,BV1Bv4111732,139118,0,33,1373,2250,716,21144,0,热点,央视新闻,456664753.0,https://www.bilibili.com/video/BV1Bv4111732/,202,2024-07-29 01:53,2020-09-03 02:49:39,央视新闻,456664753.0,5.0,央视新闻官方账号,,1.0,1,456664753.0,央视新闻,保密,19538939,7435,351374038,单个自制视频总播放数>=100万
相关视频,BV1ovmGYWE6Y,中国 第一位 缉毒 烈士 档案 解密 牺牲 紧扣 扳机,BV13k4y1T7aZ,383719,921,805,4926,9219,945,57029,0,热点,央视新闻,456664753.0,https://www.bilibili.com/video/BV13k4y1T7aZ/,224,2024-10-14 01:53,2023-06-26 01:50:00,央视新闻,456664753.0,5.0,央视新闻官方账号,,1.0,1,456664753.0,央视新闻,保密,19557420,7446,351921617,单个自制视频总播放数>=100万
相关视频,BV16T421k7W6,光靠 干饭 拿下 巴黎 奥运 首金 黄雨婷 盛李豪 夺 混合 团体 气步枪 金牌,BV1Ez421B7Ew,328954,70,575,652,178,207,10337,0,竞技体育,央视网快看,451320374.0,https://www.bilibili.com/video/BV1Ez421B7Ew/,195,2024-07-28 18:53,2024-07-27 10:08:44,央视网快看,451320374.0,5.0,央视网新闻频道官方账号,,1.0,1,451320374.0,央视网快看,保密,1792020,7783,65688189,
相关视频,BV14JxgecEUo,农民 网红 农产品 带货 防塌主播 三农,BV1xZseebEY9,295348,435,1213,1208,2347,398,40008,0,综合,央视农业,1343321779.0,https://www.bilibili.com/video/BV1xZseebEY9/,1575,2024-09-24 06:53,2024-09-24 13:54:54,央视农业,1343321779.0,5.0,CCTV-17农业农村频道新闻部官方账号,,1.0,1,1343321779.0,央视农业,保密,2767418,1247,73437459,单个自制视频总播放数>=100万
相关视频,BV1d4421Z7fa,奥地利 选手 跳水 得分 教练 捂脸,BV1K3411A7vG,1492039,224,500,1837,159,1144,17939,0,竞技体育,央视网,222103174.0,https://www.bilibili.com/video/BV1K3411A7vG/,381,2024-08-05 12:53,2022-06-28 02:47:34,央视网,222103174.0,5.0,央视网官方账号,,1.0,1,222103174.0,央视网,保密,4421260,23041,180721583,单个自制视频总播放数>=100万
相关视频,BV1kPmVYeEG7,华裔 明星 指出 挪用 亚洲 文化 牟利 加拿大 创业者 翻白眼 不服气,BV13AmGYjEpR,118467,60,610,239,38,51,5507,0,社会,环球时报,10303206.0,https://www.bilibili.com/video/BV13AmGYjEpR/,243,2024-10-14 20:53,2024-10-14 06:07:24,环球时报,10303206.0,5.0,环球时报官方账号,,1.0,1,10303206.0,环球时报,保密,1860636,8476,33943955,所有自制视频总播放数>=100万
相关视频,BV1Tw4JetENt,这位 民警 激情 演讲 化解 群众 矛盾 出生 高低贵贱 权利 过好 生活 建立 痛苦 之上,BV1ZQ4peDEw6,70367,33,307,592,282,119,8171,0,社会,环球网,483787858.0,https://www.bilibili.com/video/BV1ZQ4peDEw6/,1271,2024-09-11 14:53,2024-09-12 11:15:09,环球网,483787858.0,5.0,环球网官方账号,,1.0,1,483787858.0,环球网,保密,1422102,30098,210818986,单个自制视频总播放数>=100万
相关视频,BV1GixLeREEf,手上 布满 膏药 张桂梅 校长 走入 人民大会堂 接过 七一 勋章,BV1xg411u7HC,1217232,5,100,6731,15477,2710,101476,0,热点,新华社,473837611.0,https://www.bilibili.com/video/BV1xg411u7HC/,1626,2024-09-26 09:53,2021-06-29 02:53:22,新华社,473837611.0,5.0,新华社官方账号,,1.0,1,473837611.0,新华社,保密,16701611,5412,211674683,
相关视频,BV1UT421k7fY,七夕 奇妙,BV13W42197rn,5497,49,43,61,138,34,355,0,音乐现场,河南卫视,2057655323.0,https://www.bilibili.com/video/BV13W42197rn/,489,2024-08-10 00:53,2024-08-10 12:30:01,河南卫视,2057655323.0,5.0,河南卫视官方账号,,1.0,1,2057655323.0,河南卫视,保密,685691,3895,12658038,单个自制视频总播放数>=10万
相关视频,BV1V1421t769,抽奖 三架 歼 抱 回家,BV1ME421w7cn,332608,1730,9505,3897,8288,10826,62013,0,日常,国防时报TV,189866857.0,https://www.bilibili.com/video/BV1ME421w7cn/,277,2024-08-01 04:53,2024-08-01 03:00:00,国防时报TV,189866857.0,5.0,国防时报官方账号,,1.0,1,189866857.0,国防时报TV,保密,1502991,4314,44359808,单个自制视频总播放数>=100万
相关视频,BV1NW421R7eM,美媒 爆料 特朗普 过去 几周 心情 不好 哈里斯 发牢骚 私下 爆粗 口 骂,BV11W42197ur,45688,0,20,87,7,45,1249,0,环球,青蜂侠-Bee,328271007.0,https://www.bilibili.com/video/BV11W42197ur/,508,2024-08-10 19:53,2024-08-11 03:47:24,青蜂侠-Bee,328271007.0,5.0,中国青年网短视频官方账号,,1.0,1,328271007.0,青蜂侠-Bee,保密,569715,20257,62545461,单个自制视频总播放数>=100万
相关视频,BV17T421z7JA,氪 黄金 最好 投资 资产 搞懂 逻辑 其实 简单,BV1TC411V7F7,428812,279,656,4232,1440,1289,12769,0,财经商业,36氪,90183256.0,https://www.bilibili.com/video/BV1TC411V7F7/,784,2024-08-22 07:53,2024-04-15 12:26:00,36氪,90183256.0,5.0,36氪官方账号,,1.0,1,90183256.0,36氪,保密,2406648,411,9233823,单个自制视频总播放数>=100万
相关视频,BV1Dz421i7gH,邯郸 初中生 遇害案 三名 未成年 嫌疑人 核准 追诉,BV1mF4m1K7w3,679054,1367,2307,5596,8724,2908,153507,0,热点,人民日报,1131457022.0,https://www.bilibili.com/video/BV1mF4m1K7w3/,842,2024-08-24 17:53,2024-04-08 02:16:21,人民日报,1131457022.0,5.0,人民日报官方账号,,1.0,1,1131457022.0,人民日报,保密,15228335,3044,157344819,单个自制视频总播放数>=100万
相关视频,BV1gt1yYaEyo,中国 大满贯 女单 决赛 孙颖莎 现场 催促 王曼昱 闪光灯 干扰 裁判 中文 关闭 闪光灯,BV11E1CYUEwi,122513,32,653,178,54,250,2697,0,社会,四川观察,487614876.0,https://www.bilibili.com/video/BV11E1CYUEwi/,67,2024-10-07 12:53,2024-10-07 03:17:44,四川观察,487614876.0,5.0,四川广播电视台官方账号,,1.0,1,487614876.0,四川观察,保密,939183,10883,153387295,单个自制视频总播放数>=100万
相关视频,BV1nw4m1k7sj,赖清德要 蔡 英文 搞进 监狱,BV1G1421t7ws,32696,5,161,120,9,85,2984,0,综合,央视网,222103174.0,https://www.bilibili.com/video/BV1G1421t7ws/,163,2024-07-27 10:53,2024-07-27 04:35:44,央视网,222103174.0,5.0,央视网官方账号,,1.0,1,222103174.0,央视网,保密,4421260,23041,180721583,单个自制视频总播放数>=100万
相关视频,BV1JvtsePEBb,落步 钢钉 进步 快 如风 中秋 奇妙 天下 功夫 出 少林,BV15g411c7Kp,154872,871,988,1999,3366,995,24980,0,热点,新华社,473837611.0,https://www.bilibili.com/video/BV15g411c7Kp/,1355,2024-09-15 02:53,2021-09-19 13:13:32,新华社,473837611.0,5.0,新华社官方账号,,1.0,1,473837611.0,新华社,保密,16701611,5412,211674683,
相关视频,BV1WD21YbEkD,因向 乌克兰 出售 情报 俄 坦克 工厂 一女 员工 被判 叛国罪 半 监禁,BV16h2bYMEnN,53445,46,287,133,6,37,3402,0,环球,环球网,483787858.0,https://www.bilibili.com/video/BV16h2bYMEnN/,184,2024-10-12 09:53,2024-10-12 06:55:49,环球网,483787858.0,5.0,环球网官方账号,,1.0,1,483787858.0,环球网,保密,1422251,30112,210942982,单个自制视频总播放数>=100万
相关视频,BV1gbx8edEUL,央视 新闻 国庆 短剧 走 升旗,BV1nFxxeFERi,503066,3599,1464,13465,24692,5775,69268,0,综合,央视新闻,456664753.0,https://www.bilibili.com/video/BV1nFxxeFERi/,1692,2024-09-29 03:53,2024-09-30 08:01:00,央视新闻,456664753.0,5.0,央视新闻官方账号,,1.0,1,456664753.0,央视新闻,保密,19554364,7443,351841688,单个自制视频总播放数>=100万
相关视频,BV11y411H7bp,日本 媒体 脱稿 口播 钓鱼岛 中国 领土 忘记 南京大屠杀 忘记 慰安妇,BV1Rb421775f,62711,22,374,176,107,44,6693,0,热点,环球网,483787858.0,https://www.bilibili.com/video/BV1Rb421775f/,811,2024-08-23 10:53,2024-08-23 06:23:19,环球网,483787858.0,5.0,环球网官方账号,,1.0,1,483787858.0,环球网,保密,1422102,30098,210818986,单个自制视频总播放数>=100万
相关视频,BV14M4m11744,演员 王鹤 棣 录制 综艺 时早 人群 拥挤 推搡 退出 节目 录制,BV1qr421K7Ep,295133,95,946,167,28,241,3440,0,日常,江西卫视,433289175.0,https://www.bilibili.com/video/BV1qr421K7Ep/,640,2024-08-16 07:53,2024-08-15 09:17:14,江西卫视,433289175.0,5.0,江西卫视官方账号,,1.0,1,433289175.0,江西卫视,保密,56391,3933,7578270,所有自制视频总播放数>=100万
相关视频,BV1iH4y1c7UT,台湾 家长 暑假 孩子 大陆 实地 感受 教材 亲身 体验 中国 孩子 懂,BV18f421q7Vp,61384,28,66,185,72,16,6852,0,热点,中新视频,104092224.0,https://www.bilibili.com/video/BV18f421q7Vp/,69,2024-07-23 12:53,2024-07-12 13:59:11,中新视频,104092224.0,5.0,中国新闻社官方账号,,1.0,1,104092224.0,中新视频,保密,287389,18663,40523300,单个自制视频总播放数>=100万
热门视频,,骨科医生 告诉 躺 床上 玩 手机 正确 打开 姿势,BV1Nx4y1s7Wk,269971,396,492,20970,2163,7093,20635,0,热点,新华网,488055582.0,https://www.bilibili.com/video/BV1Nx4y1s7Wk/,597,2024-08-14 12:53,2024-08-14 12:00:00,新华网,488055582.0,5.0,新华网官方账号,,1.0,1,488055582.0,新华网,保密,1265478,5256,36862777,
相关视频,BV1ar421M7KY,医院 突然 倒地 失去 意识 医护人员 跳上 担架 一边 做 心肺 复苏 一边 狂奔 接力 救援,BV13U411S78z,3166,0,2,2,0,2,66,0,社会,东方今报,493260599.0,https://www.bilibili.com/video/BV13U411S78z/,689,2024-08-18 08:53,2024-07-31 15:02:44,东方今报,493260599.0,5.0,东方今报社官方账号,,1.0,1,493260599.0,东方今报,保密,192185,20876,79189796,单个自制视频总播放数>=100万
相关视频,BV1cy411q7SA,樊振东 私生 饭 跟踪 发文 呼吁 抵制 饭圈化,BV1Uk4y1v74o,224301,51,647,812,427,389,21299,0,竞技体育,四川观察,487614876.0,https://www.bilibili.com/video/BV1Uk4y1v74o/,697,2024-08-18 16:53,2023-04-07 01:37:19,四川观察,487614876.0,5.0,四川广播电视台官方账号,,1.0,1,487614876.0,四川观察,保密,938678,10872,153107449,单个自制视频总播放数>=100万
相关视频,BV1pU411S7YN,央视 揭秘 疯狂 盲盒 玩家 割 韭菜,BV19J411k7B5,374600,972,2393,2524,1009,5139,8050,0,日常,央视网,222103174.0,https://www.bilibili.com/video/BV19J411k7B5/,220,2024-07-29 19:53,2019-12-12 13:15:38,央视网,222103174.0,5.0,央视网官方账号,,1.0,1,222103174.0,央视网,保密,4421260,23041,180721583,单个自制视频总播放数>=100万
相关视频,BV1iH4y1c7UT,英国 小哥 发现 中国 一支 人民解放军,BV1nx411W7tG,2350235,4774,2658,14630,5446,979,59442,0,社科·法律·心理,中国日报,21778636.0,https://www.bilibili.com/video/BV1nx411W7tG/,69,2024-07-23 12:53,2017-07-29 02:00:21,中国日报,21778636.0,5.0,中国日报官方账号,,1.0,1,21778636.0,中国日报,保密,2885406,9252,73844920,单个自制视频总播放数>=100万
相关视频,BV15w4m1k7aD,便利店 老板娘 穿着 清凉 举报 对门 超市 老板娘 很多 骂 真 举报,BV1nS42197gb,266073,73,817,308,4,254,3782,0,社会,四川观察,487614876.0,https://www.bilibili.com/video/BV1nS42197gb/,662,2024-08-17 05:53,2024-08-17 04:47:05,四川观察,487614876.0,5.0,四川广播电视台官方账号,,1.0,1,487614876.0,四川观察,保密,937471,10850,152725193,单个自制视频总播放数>=100万
相关视频,BV1Gi421a74W,晚 大批 市民 网友 来到 合肥 延乔路 祭奠 革命先烈,BV1PM4y1M7uV,242814,427,366,1861,1495,606,43168,0,社会,安徽日报,2040699434.0,https://www.bilibili.com/video/BV1PM4y1M7uV/,697,2024-08-18 16:53,2021-07-01 12:52:19,安徽日报,2040699434.0,5.0,安徽日报官方账号,,1.0,1,2040699434.0,安徽日报,保密,5294,554,257007,
相关视频,BV1in4y1f732,天蚕 土豆 回应 全红婵 催,BV15z421i7eD,113479,14,237,91,18,131,5493,0,社会,白鹿视频,1262757505.0,https://www.bilibili.com/video/BV15z421i7eD/,451,2024-08-08 10:53,2024-08-08 09:16:20,白鹿视频,1262757505.0,5.0,陕西网新传媒有限公司官方账号,陕西网旗下白鹿视频,1.0,1,1262757505.0,白鹿视频,保密,39878,24995,25087811,
相关视频,BV1NW421R7eM,发现 特朗普 竞选 团队 未经 授权 使用 我心 永恒 席琳迪翁 发声明 反对,BV1em42137Kk,99905,7,204,146,8,23,4657,0,环球,环球网,483787858.0,https://www.bilibili.com/video/BV1em42137Kk/,508,2024-08-10 19:53,2024-08-11 02:57:15,环球网,483787858.0,5.0,环球网官方账号,,1.0,1,483787858.0,环球网,保密,1421269,30048,210348227,单个自制视频总播放数>=100万
相关视频,BV1B14peREft,俄罗斯 指 离不开 中国 普京 反问 依赖,BV1sP411q7ve,4996606,487,1253,8204,904,1040,64589,0,环球,看看新闻Knews,6250993.0,https://www.bilibili.com/video/BV1sP411q7ve/,1273,2024-09-11 16:53,2023-06-17 14:41:50,看看新闻Knews,6250993.0,5.0,看看新闻网 官方账号,,1.0,1,6250993.0,看看新闻Knews,保密,290904,13867,26421152,单个自制视频总播放数>=100万
相关视频,BV1arxbeZE6E,谭 爷爷 龙年 果赖 舞来 起来 跳,BV12C411x7QX,44739,130,182,577,613,424,10469,0,Unknown,央视频,433587902.0,https://www.bilibili.com/video/BV12C411x7QX/,1694,2024-09-29 05:53,2024-02-10 10:39:12,央视频,433587902.0,5.0,央视频官方账号,,1.0,1,433587902.0,央视频,保密,3408954,8334,60954264,单个自制视频总播放数>=100万
相关视频,BV1FS42197nQ,持续 高温 干旱 影响 夏种 科学 应对 主播 三农,BV1Gf421Q7Pe,164743,406,1217,727,1444,866,23510,0,综合,央视农业,1343321779.0,https://www.bilibili.com/video/BV1Gf421Q7Pe/,62,2024-07-23 05:53,2024-06-13 13:45:10,央视农业,1343321779.0,5.0,CCTV-17农业农村频道新闻部官方账号,,1.0,1,1343321779.0,央视农业,保密,2764441,1244,73329829,单个自制视频总播放数>=100万
相关视频,BV1Mw4m1k7rf,时政 专题片 功勋 闪耀 时代,BV13V4y1p76S,75576,0,16,1157,803,667,12757,0,热点,央视新闻,456664753.0,https://www.bilibili.com/video/BV13V4y1p76S/,625,2024-08-15 16:53,2022-09-02 13:16:13,央视新闻,456664753.0,5.0,央视新闻官方账号,,1.0,1,456664753.0,央视新闻,保密,19538939,7435,351374038,单个自制视频总播放数>=100万
相关视频,BV1KEtpeMEfU,浙江 赶出 屋 狗子 狗子 情绪 价值 直接 拉满 狗 兄弟 咱俩 天下第一,BV1pstpeAE4p,99312,7,84,254,28,194,3897,0,日常,人民视讯,1858851029.0,https://www.bilibili.com/video/BV1pstpeAE4p/,1559,2024-09-23 14:53,2024-09-19 09:42:35,人民视讯,1858851029.0,5.0,人民视讯官方账号,,1.0,1,1858851029.0,人民视讯,保密,48770,7802,18178495,
相关视频,BV1E4421f7pu,重庆 警方 走失 男童 遗体 找到 两名 亲属 重大 作案嫌疑,BV1Qw4m167je,39089,5,86,79,4,57,2390,0,综合,环球网,483787858.0,https://www.bilibili.com/video/BV1Qw4m167je/,976,2024-08-30 07:53,2024-08-31 08:13:28,环球网,483787858.0,5.0,环球网官方账号,,1.0,1,483787858.0,环球网,保密,1422102,30098,210818986,单个自制视频总播放数>=100万
相关视频,BV1Lz421i78R,观众 视角 奥运会 开幕式 塞纳河 骄傲 中国 红 现场 欢呼声 太燃,BV1bE421w7Lb,75404,35,663,109,17,26,3916,0,环球,环球网,483787858.0,https://www.bilibili.com/video/BV1bE421w7Lb/,161,2024-07-27 08:53,2024-07-26 18:24:01,环球网,483787858.0,5.0,环球网官方账号,,1.0,1,483787858.0,环球网,保密,1421269,30048,210348227,单个自制视频总播放数>=100万
相关视频,BV14W421Q7N2,曝光 豫章 书院 遭受 死亡威胁 坚持 温柔 对抗 暴力 局外人 视频,BV1Vv411i7Pp,592675,4323,1121,4975,19502,3767,42068,0,人文·历史,局外人视频,549629784.0,https://www.bilibili.com/video/BV1Vv411i7Pp/,898,2024-08-27 01:53,2020-08-12 11:53:10,局外人视频,549629784.0,5.0,新周刊栏目《局外人》视频官方账号,,1.0,1,549629784.0,局外人视频,保密,31401,73,204212,单个自制视频总播放数>=10万
相关视频,BV144421o7k5,相对论 专访 蔡磊 妻子 段 睿 天天 愁,BV14z421676E,115727,46,198,736,452,197,12769,0,社会,央视新闻,456664753.0,https://www.bilibili.com/video/BV14z421676E/,887,2024-08-26 14:53,2024-04-27 06:32:42,央视新闻,456664753.0,5.0,央视新闻官方账号,,1.0,1,456664753.0,央视新闻,保密,19550189,7442,351768520,单个自制视频总播放数>=100万
相关视频,BV1FLsqeREN3,志愿军 烈士 遗物 上刻 孟广泰,BV1DQ4y1b7PA,407035,1279,416,3014,4761,181,71105,0,综合,央视新闻,456664753.0,https://www.bilibili.com/video/BV1DQ4y1b7PA/,1564,2024-09-23 19:53,2023-11-22 03:24:57,央视新闻,456664753.0,5.0,央视新闻官方账号,,1.0,1,456664753.0,央视新闻,保密,19554364,7443,351841688,单个自制视频总播放数>=100万
相关视频,BV1m4421Z7CL,上海 团队 复原 敦煌 画中人 装束 希望 更多人 喜爱 传统 文化 可视化,BV1sP4y1p7JJ,78182,252,186,1040,327,103,4801,0,社会,021视频,520946783.0,https://www.bilibili.com/video/BV1sP4y1p7JJ/,359,2024-08-04 14:53,2021-08-23 06:35:18,021视频,520946783.0,5.0,新闻晨报官方视频账号,,1.0,1,520946783.0,021视频,保密,5832,2298,504910,
相关视频,BV1fW42197Bb,很多 地方 最美 月亮 在家 方向,BV1wQ4y1k7i9,103170,1198,413,1195,900,1058,15285,0,社会,央视新闻,456664753.0,https://www.bilibili.com/video/BV1wQ4y1k7i9/,527,2024-08-11 14:53,2021-09-19 10:57:51,央视新闻,456664753.0,5.0,央视新闻官方账号,,1.0,1,456664753.0,央视新闻,保密,19538939,7435,351374038,单个自制视频总播放数>=100万
相关视频,BV1ey411H7XK,贵州 独山 村民 连续 祭奠 名 烈士,BV1Bm411r7iW,110305,207,205,733,1016,79,30315,0,热点,央视网,222103174.0,https://www.bilibili.com/video/BV1Bm411r7iW/,926,2024-08-28 05:53,2024-04-04 00:23:10,央视网,222103174.0,5.0,央视网官方账号,,1.0,1,222103174.0,央视网,保密,4423704,23051,180861259,单个自制视频总播放数>=100万
相关视频,BV1LZxDe4ELf,长大 孩子 可真 值得 骄傲,BV1TD421g7y1,1238945,10098,2722,37521,33475,11159,206473,0,综合,央视新闻,456664753.0,https://www.bilibili.com/video/BV1TD421g7y1/,1765,2024-10-02 04:53,2024-05-31 13:55:13,央视新闻,456664753.0,5.0,央视新闻官方账号,,1.0,1,456664753.0,央视新闻,保密,19554364,7443,351841688,单个自制视频总播放数>=100万
相关视频,BV12W421X74L,日本 中国籍 煤气 自杀 中途 后悔 欲 抽烟 冷静 点烟 发生 强烈 爆炸,BV13b42177L7,254984,150,837,1093,68,3930,11033,0,环球,四川观察,487614876.0,https://www.bilibili.com/video/BV13b42177L7/,1,2024-07-20 16:53,2024-07-20 01:24:11,四川观察,487614876.0,5.0,四川广播电视台官方账号,,1.0,1,487614876.0,四川观察,保密,937471,10850,152725193,单个自制视频总播放数>=100万
相关视频,BV1Jb421J7cz,陕西 征兵 宣传片 惊艳,BV1XA411a7m4,3460520,11019,7545,36483,40728,13444,213909,0,热点,光明日报,404414222.0,https://www.bilibili.com/video/BV1XA411a7m4/,530,2024-08-11 17:53,2020-07-28 10:46:16,光明日报,404414222.0,5.0,光明日报官方账号,,1.0,1,404414222.0,光明日报,保密,628791,2030,7110240,所有自制视频总播放数>=50万
相关视频,BV1F142147gi,唯快 不破 小男孩 第一次 参加 游泳 比赛 入水 标准 姿势 标准 快到 惊艳 全场,BV1Sw4m167UJ,251722,160,477,338,37,138,18198,0,热点,环球网,483787858.0,https://www.bilibili.com/video/BV1Sw4m167UJ/,886,2024-08-26 13:53,2024-08-27 03:22:36,环球网,483787858.0,5.0,环球网官方账号,,1.0,1,483787858.0,环球网,保密,1422102,30098,210818986,单个自制视频总播放数>=100万
相关视频,BV1HGpLe8Evh,悟空 缘何 跃出 东海,BV1jw4m1r7sM,420688,388,1258,5477,2817,2107,65778,0,热点,新华社,473837611.0,https://www.bilibili.com/video/BV1jw4m1r7sM/,1185,2024-09-08 00:53,2024-08-23 02:31:22,新华社,473837611.0,5.0,新华社官方账号,,1.0,1,473837611.0,新华社,保密,16698094,5410,213795957,
相关视频,BV14x4y14754,一课 老师 学生 却是 一辈子,BV1Uz421b7Co,561875,209,438,10811,1880,513,90240,0,热点,新华社,473837611.0,https://www.bilibili.com/video/BV1Uz421b7Co/,268,2024-07-31 19:53,2024-06-15 10:20:09,新华社,473837611.0,5.0,新华社官方账号,,1.0,1,473837611.0,新华社,保密,16689285,5404,213681222,
相关视频,BV1vT42167SV,以色列 代表 离场 以色列 道德 国家,BV1Xr421M7Si,120699,996,844,576,119,489,6274,0,环球,央视网快看,451320374.0,https://www.bilibili.com/video/BV1Xr421M7Si/,629,2024-08-15 20:53,2024-08-16 01:51:06,央视网快看,451320374.0,5.0,央视网新闻频道官方账号,,1.0,1,451320374.0,央视网快看,保密,1792020,7783,65688189,
相关视频,BV1Tw4JetENt,魔性 笑声 表情 包 走红 多年 看厌 原型 李老师 执教,BV1Ze411H7L2,1436504,846,1307,6228,529,921,41629,0,社会,四川观察,487614876.0,https://www.bilibili.com/video/BV1Ze411H7L2/,1271,2024-09-11 14:53,2024-01-15 08:43:51,四川观察,487614876.0,5.0,四川广播电视台官方账号,,1.0,1,487614876.0,四川观察,保密,938678,10872,153107449,单个自制视频总播放数>=100万
相关视频,BV1uU411m7en,山西 一面 馆 阴阳 价格 查引 争议 居民 面馆 算 矿区 工人 食堂 矿工 爱心 价,BV1Sz421i7qj,171342,138,2762,289,76,162,3491,0,社会,四川观察,487614876.0,https://www.bilibili.com/video/BV1Sz421i7qj/,961,2024-08-29 16:53,2024-08-30 03:19:04,四川观察,487614876.0,5.0,四川广播电视台官方账号,,1.0,1,487614876.0,四川观察,保密,938678,10872,153107449,单个自制视频总播放数>=100万
相关视频,BV1GfywY7EmU,日本 渔船 闯入 争议 海域 俄船 撞 翻 日本 惨死 俄方 毫发无损,BV1X54y1V7Ry,1207995,2620,1219,1377,428,276,25002,0,环球,北方热点阵地,1505278006.0,https://www.bilibili.com/video/BV1X54y1V7Ry/,299,2024-10-17 04:53,2021-05-29 16:37:20,北方热点阵地,1505278006.0,5.0,北方热点阵地官方账号,,1.0,1,1505278006.0,北方热点阵地,保密,6623,494,413546,
相关视频,BV1pU411S7YN,央视 晚会 曝光 娃娃 盲盒 成本 仅元 泡泡 玛特 暂停 定制 盲盒 业务,BV1Xq4y1i7b7,569386,215,1439,780,76,4066,8050,0,社会,直播日照,590804848.0,https://www.bilibili.com/video/BV1Xq4y1i7b7/,220,2024-07-29 19:53,2022-03-16 00:45:57,直播日照,590804848.0,5.0,日照广播电视台官方账号,,1.0,1,590804848.0,直播日照,保密,98293,14847,40766197,单个自制视频总播放数>=100万
相关视频,BV1Jx4y1s7Zt,樊振东 逆转 张本 智 进强 王楚钦 观战 表情 担心 喜悦 振臂 庆祝 马龙 起身 加油打气,BV1RU411U7hf,66831,7,161,60,19,24,4672,0,综合,环球网,483787858.0,https://www.bilibili.com/video/BV1RU411U7hf/,294,2024-08-01 21:53,2024-08-01 21:52:15,环球网,483787858.0,5.0,环球网官方账号,,1.0,1,483787858.0,环球网,保密,1421269,30048,210348227,单个自制视频总播放数>=100万
相关视频,BV1L1421t7GU,第金 王楚钦 孙颖莎 夺得 乒乓球 混双 金牌,BV1Nf421i7XH,201337,188,539,799,914,202,32901,0,竞技体育,人民日报,1131457022.0,https://www.bilibili.com/video/BV1Nf421i7XH/,475,2024-08-09 10:53,2024-07-30 14:09:59,人民日报,1131457022.0,5.0,人民日报官方账号,,1.0,1,1131457022.0,人民日报,保密,15220715,3042,157267295,单个自制视频总播放数>=100万
相关视频,BV1GfywY7EmU,吨 日本 第二轮 核污染 水排 海 时间 定,BV1hN4y1f7K6,6116,37,105,80,135,46,1645,0,环球,看看新闻Knews,6250993.0,https://www.bilibili.com/video/BV1hN4y1f7K6/,299,2024-10-17 04:53,2023-10-03 09:51:10,看看新闻Knews,6250993.0,5.0,看看新闻网 官方账号,,1.0,1,6250993.0,看看新闻Knews,保密,290975,13892,26439479,单个自制视频总播放数>=100万
相关视频,BV15RtSetEcg,中国 国色,BV1C8411F7ja,956517,1288,751,59643,24413,5823,152341,0,日常,央视新闻,456664753.0,https://www.bilibili.com/video/BV1C8411F7ja/,1492,2024-09-20 19:53,2023-03-04 01:22:48,央视新闻,456664753.0,5.0,央视新闻官方账号,,1.0,1,456664753.0,央视新闻,保密,19554364,7443,351841688,单个自制视频总播放数>=100万
相关视频,BV1hE4m1R7qD,好听 中国 传媒大学 首位 盲人 研究生 董丽娜 朗诵 散文,BV1uV4y1Z7Nc,1143897,1771,1864,17010,34906,5500,236379,0,人文历史,人民日报,1131457022.0,https://www.bilibili.com/video/BV1uV4y1Z7Nc/,127,2024-07-25 22:53,2023-04-24 04:56:55,人民日报,1131457022.0,5.0,人民日报官方账号,,1.0,1,1131457022.0,人民日报,保密,15220715,3042,157267295,单个自制视频总播放数>=100万
相关视频,BV1cT421r7EN,相对论 翻译家 许渊冲 愿望,BV1iK4y177u7,63210,166,178,1143,864,349,9909,0,社会,央视新闻,456664753.0,https://www.bilibili.com/video/BV1iK4y177u7/,202,2024-07-29 01:53,2020-10-26 06:56:27,央视新闻,456664753.0,5.0,央视新闻官方账号,,1.0,1,456664753.0,央视新闻,保密,19538939,7435,351374038,单个自制视频总播放数>=100万
相关视频,BV1C4421U7Sh,袁隆平 爷爷 牛 吉祥 一键 三连,BV1ht4y1z7Nz,3263588,16692,9724,55079,215726,2691,475816,0,热点,新华社,473837611.0,https://www.bilibili.com/video/BV1ht4y1z7Nz/,349,2024-08-04 04:53,2021-01-15 09:44:00,新华社,473837611.0,5.0,新华社官方账号,,1.0,1,473837611.0,新华社,保密,16689285,5404,213681222,
相关视频,BV1f3sveUEvi,暴雨 门卫室 被淹 大叔 窗口 坚守岗位,BV1CmtZePEC8,69437,6,40,17,9,9,1241,0,日常,龙视频longshipin,2112370204.0,https://www.bilibili.com/video/BV1CmtZePEC8/,1545,2024-09-23 00:53,2024-09-20 08:23:00,龙视频longshipin,2112370204.0,5.0,黑龙江广播电视台官方账号,,1.0,1,2112370204.0,龙视频longshipin,保密,12916,2826,4882933,所有自制视频总播放数>=100万
相关视频,BV1Z1421475U,民调 显示 哈里斯 微微 领先 特朗普,BV1Jx4y147h1,557699,905,2542,753,168,2369,11267,0,环球,央视网快看,451320374.0,https://www.bilibili.com/video/BV1Jx4y147h1/,104,2024-07-24 23:53,2024-07-24 02:11:06,央视网快看,451320374.0,5.0,央视网新闻频道官方账号,,1.0,1,451320374.0,央视网快看,保密,1792020,7783,65688189,
相关视频,BV1rf421e7Yo,金色 鱼钩 原型 人物 老红军 王玉清 逝世,BV1gF411d7Ty,279955,1177,788,7001,6995,1536,52131,0,热点,人民日报,1131457022.0,https://www.bilibili.com/video/BV1gF411d7Ty/,843,2024-08-24 18:53,2023-06-26 08:58:46,人民日报,1131457022.0,5.0,人民日报官方账号,,1.0,1,1131457022.0,人民日报,保密,15228335,3044,157344819,单个自制视频总播放数>=100万
相关视频,BV14JxgecEUo,这俩 关系 车厘子 樱桃 猕猴桃 奇异果 主播 三农,BV18C411x73V,1219584,4154,6474,11366,15002,8186,162938,0,三农,央视农业,1343321779.0,https://www.bilibili.com/video/BV18C411x73V/,1575,2024-09-24 06:53,2024-02-20 09:53:13,央视农业,1343321779.0,5.0,CCTV-17农业农村频道新闻部官方账号,,1.0,1,1343321779.0,央视农业,保密,2767418,1247,73437459,单个自制视频总播放数>=100万
相关视频,BV1EopseHEbj,延迟 退休 政策 细则 详细 解读,BV1Vh4be8EFs,1028096,25,49,9531,1347,34831,21131,0,综合,央视新闻,456664753.0,https://www.bilibili.com/video/BV1Vh4be8EFs/,1295,2024-09-12 14:53,2024-09-13 07:01:53,央视新闻,456664753.0,5.0,央视新闻官方账号,,1.0,1,456664753.0,央视新闻,保密,19550189,7442,351768520,单个自制视频总播放数>=100万
相关视频,BV1Fk2ZYWECW,宋佳 演完 张桂梅 后劲,BV1o2mEYgExJ,302572,306,615,2913,3801,564,66553,0,Unknown,央视新闻,456664753.0,https://www.bilibili.com/video/BV1o2mEYgExJ/,276,2024-10-16 05:53,2024-10-15 00:55:57,央视新闻,456664753.0,5.0,央视新闻官方账号,,1.0,1,456664753.0,央视新闻,保密,19557420,7446,351921617,单个自制视频总播放数>=100万
相关视频,BV1j2421Z7Dq,铁饭碗 山东 事关 事业单位 转企 改制 史无前例 砍掉 编制,BV1mH4y1c7os,21237,8,121,50,8,467,205,0,社会,掌闻视讯,2144464488.0,https://www.bilibili.com/video/BV1mH4y1c7os/,388,2024-08-05 19:53,2024-08-05 08:11:25,掌闻视讯,2144464488.0,5.0,重庆时间网掌闻视讯官方账号,,1.0,1,2144464488.0,掌闻视讯,保密,41106,32528,15258731,
相关视频,BV14E421w7wu,半佛 朝鲜 战场 人民 英雄 永垂不朽,BV13Q4y1Q7Jp,1893509,18472,3842,72703,213226,19991,221513,0,人文历史,央视新闻,456664753.0,https://www.bilibili.com/video/BV13Q4y1Q7Jp/,343,2024-08-03 22:53,2021-10-25 10:00:14,央视新闻,456664753.0,5.0,央视新闻官方账号,,1.0,1,456664753.0,央视新闻,保密,19538939,7435,351374038,单个自制视频总播放数>=100万
相关视频,BV14x4y14754,四川 泸定 地震 造成 遇难 人失联,BV1Dt4y177Uq,177773,1190,764,1203,910,646,39094,0,热点,新华社,473837611.0,https://www.bilibili.com/video/BV1Dt4y177Uq/,268,2024-07-31 19:53,2022-09-06 03:03:00,新华社,473837611.0,5.0,新华社官方账号,,1.0,1,473837611.0,新华社,保密,16689285,5404,213681222,
相关视频,BV1eu4nerEsB,哈里斯 特朗普 打擂台 赢,BV1hR4EeAExG,108412,200,444,399,191,273,8565,0,环球,央视新闻,456664753.0,https://www.bilibili.com/video/BV1hR4EeAExG/,1259,2024-09-11 02:53,2024-09-12 04:17:39,央视新闻,456664753.0,5.0,央视新闻官方账号,,1.0,1,456664753.0,央视新闻,保密,19550189,7442,351768520,单个自制视频总播放数>=100万
相关视频,BV12H4y1c7vB,巴勒斯坦 代表团 入场 现场 响起 热烈 掌声,BV1fj411v7R7,1872607,1318,2082,7827,6336,2026,181728,0,综合,央视新闻,456664753.0,https://www.bilibili.com/video/BV1fj411v7R7/,143,2024-07-26 14:53,2023-10-22 13:56:20,央视新闻,456664753.0,5.0,央视新闻官方账号,,1.0,1,456664753.0,央视新闻,保密,19538939,7435,351374038,单个自制视频总播放数>=100万
相关视频,BV1eu4nerEsB,辩论 现场 压制 特朗普 卡马拉 哈里斯 超出 所有人 预期,BV1914zefEiG,137980,104,368,454,59,58,11534,0,环球,N小黑财经官方,579796153.0,https://www.bilibili.com/video/BV1914zefEiG/,1259,2024-09-11 02:53,2024-09-11 08:22:08,N小黑财经官方,579796153.0,5.0,N小黑财经栏目官方账号,,1.0,1,579796153.0,N小黑财经官方,男,211884,1125,9644229,
相关视频,BV1hE4m1R7qD,柬 台湾同胞 困难 请 找 中国大使馆,BV1Za4y1f7hQ,854893,1221,2202,7065,12799,1871,166442,0,热点,人民日报,1131457022.0,https://www.bilibili.com/video/BV1Za4y1f7hQ/,127,2024-07-25 22:53,2022-08-21 10:59:51,人民日报,1131457022.0,5.0,人民日报官方账号,,1.0,1,1131457022.0,人民日报,保密,15220715,3042,157267295,单个自制视频总播放数>=100万
相关视频,BV1yr421K7Cc,人大 博士生 举报 教授 性骚扰 校方 回应 成立 工作组 调查核实,BV1bM4m117Az,99151,48,929,269,649,265,13447,0,社会,环球网,483787858.0,https://www.bilibili.com/video/BV1bM4m117Az/,48,2024-07-22 15:53,2024-07-22 02:33:07,环球网,483787858.0,5.0,环球网官方账号,,1.0,1,483787858.0,环球网,保密,1421269,30048,210348227,单个自制视频总播放数>=100万
相关视频,BV17i421a7Lp,青回 美 发布 北京 冬奥 宣传片 满满的 童年 回忆,BV1vU4y1P7ED,369990,1085,2203,4777,5409,4977,53737,0,热点,新华社,473837611.0,https://www.bilibili.com/video/BV1vU4y1P7ED/,744,2024-08-20 15:53,2021-09-07 00:00:16,新华社,473837611.0,5.0,新华社官方账号,,1.0,1,473837611.0,新华社,保密,16698094,5410,213795957,
相关视频,BV1Jb42177To,身高 不足 守护 村民 健康,BV1wr4y1o7Zt,2118662,8771,3613,36958,74098,4580,378667,0,三农,新华社,473837611.0,https://www.bilibili.com/video/BV1wr4y1o7Zt/,512,2024-08-10 23:53,2023-08-19 03:23:54,新华社,473837611.0,5.0,新华社官方账号,,1.0,1,473837611.0,新华社,保密,16689285,5404,213681222,
相关视频,BV1C4421U7Sh,传递 真相 南京大屠杀 唯一 动态 影像,BV1fR4y1s7ij,3406027,19376,9582,130377,297554,21343,533216,0,热点,新华社,473837611.0,https://www.bilibili.com/video/BV1fR4y1s7ij/,349,2024-08-04 04:53,2021-12-13 00:46:54,新华社,473837611.0,5.0,新华社官方账号,,1.0,1,473837611.0,新华社,保密,16689285,5404,213681222,
相关视频,BV1cT421r7EN,北京 冬 残奥会 闭幕式 升国旗 奏国歌,BV1xY41137Ut,128433,0,53,547,923,153,20943,0,热点,央视新闻,456664753.0,https://www.bilibili.com/video/BV1xY41137Ut/,202,2024-07-29 01:53,2022-03-13 12:20:34,央视新闻,456664753.0,5.0,央视新闻官方账号,,1.0,1,456664753.0,央视新闻,保密,19538939,7435,351374038,单个自制视频总播放数>=100万
相关视频,BV1Er4neSE7v,第一次 看见 猫 分手 网友 爱情 一地 猫 毛,BV1mW4newEXx,78362,8,102,266,14,502,3123,0,喵星人,龙岩市融媒体中心,1530531921.0,https://www.bilibili.com/video/BV1mW4newEXx/,1275,2024-09-11 18:53,2024-09-12 09:00:05,龙岩市融媒体中心,1530531921.0,5.0,龙岩市融媒体中心官方账号,,1.0,1,1530531921.0,龙岩市融媒体中心,保密,13712,8246,8074069,
相关视频,BV1En4y1f7VB,马斯克 儿子 变性 被骗 签署 青春期 阻滞剂 同意书 事后 知会 导致 不育,BV1ar421M78c,71218,37,462,230,13,292,2567,0,环球,四川观察,487614876.0,https://www.bilibili.com/video/BV1ar421M78c/,94,2024-07-24 13:53,2024-07-24 10:06:17,四川观察,487614876.0,5.0,四川广播电视台官方账号,,1.0,1,487614876.0,四川观察,保密,937471,10850,152725193,单个自制视频总播放数>=100万
相关视频,BV1BYY9edEV3,七夕 当天 情感 纠纷 致人 死亡 受伤 广东 警方 嫌疑人 刑拘,BV1WZ421N7wX,237070,204,898,569,45,1584,5967,0,社会,四川观察,487614876.0,https://www.bilibili.com/video/BV1WZ421N7wX/,536,2024-08-11 23:53,2024-08-11 09:35:30,四川观察,487614876.0,5.0,四川广播电视台官方账号,,1.0,1,487614876.0,四川观察,保密,937471,10850,152725193,单个自制视频总播放数>=100万
相关视频,BV1AztQejEDJ,今年 月饼 江湖 真正 霸主,BV1Je4y1a7a1,155970,1114,1638,457,325,377,22749,0,社会,央视农业,1343321779.0,https://www.bilibili.com/video/BV1Je4y1a7a1/,1439,2024-09-18 14:53,2022-09-10 02:00:00,央视农业,1343321779.0,5.0,CCTV-17农业农村频道新闻部官方账号,,1.0,1,1343321779.0,央视农业,保密,2767418,1247,73437459,单个自制视频总播放数>=100万
相关视频,BV1s1pietEuo,张杰 演唱会 自报 手机号 无辜 素人 电话 轰炸,BV1UopvecEuU,112892,110,938,218,60,635,2834,0,综合,四川观察,487614876.0,https://www.bilibili.com/video/BV1UopvecEuU/,1165,2024-09-07 04:53,2024-09-08 09:05:08,四川观察,487614876.0,5.0,四川广播电视台官方账号,,1.0,1,487614876.0,四川观察,保密,938678,10872,153107449,单个自制视频总播放数>=100万
相关视频,BV1arxbeZE6E,光荣 征程 致敬 人民 子弟兵,BV1aG411h7n3,6176,3,20,48,46,24,2108,0,综合,央视频,433587902.0,https://www.bilibili.com/video/BV1aG411h7n3/,1694,2024-09-29 05:53,2022-08-01 06:16:07,央视频,433587902.0,5.0,央视频官方账号,,1.0,1,433587902.0,央视频,保密,3408954,8334,60954264,单个自制视频总播放数>=100万
热门视频,,外交部 回应 黑神话悟空 全球 走红 反映 中国 文化 吸引力,BV17i421a7Lp,483087,338,1461,2279,1181,5630,36391,0,热点,新华社,473837611.0,https://www.bilibili.com/video/BV17i421a7Lp/,744,2024-08-20 15:53,2024-08-21 10:08:12,新华社,473837611.0,5.0,新华社官方账号,,1.0,1,473837611.0,新华社,保密,16698094,5410,213795957,
相关视频,BV1bE4m1d7sV,剃光头 式 砍伐 触目惊心 万亩 沙漠 防护林 毁 敦煌 防沙 屏障 几近 消失,BV1wv411s7tC,4966776,40214,17809,92360,432741,78796,685605,0,热点,新华社,473837611.0,https://www.bilibili.com/video/BV1wv411s7tC/,233,2024-07-30 08:53,2021-01-22 03:21:58,新华社,473837611.0,5.0,新华社官方账号,,1.0,1,473837611.0,新华社,保密,16689285,5404,213681222,
相关视频,BV1CU411U7Kn,可爱 央视 新闻 艾特后 运动员 全是 网名 毫无 本名 痕迹,BV18M4m1y7E5,309204,20,196,444,35,103,10357,0,热点,红星视频,526890129.0,https://www.bilibili.com/video/BV18M4m1y7E5/,222,2024-07-29 21:53,2024-07-27 05:36:24,红星视频,526890129.0,5.0,成都商报红星新闻官方账号,,1.0,1,526890129.0,红星视频,保密,206613,32632,66809315,单个自制视频总播放数>=100万
相关视频,BV1YmxYegEBz,天上 一颗 樊锦诗星 敦煌 女儿 捐,BV1Yh4y1Z7EE,53746,20,82,249,256,119,9289,0,热点,人民日报,1131457022.0,https://www.bilibili.com/video/BV1Yh4y1Z7EE/,1706,2024-09-29 17:53,2023-07-10 11:25:13,人民日报,1131457022.0,5.0,人民日报官方账号,,1.0,1,1131457022.0,人民日报,保密,15230611,3045,157365028,单个自制视频总播放数>=100万
相关视频,BV1AS421d7be,外国人 搞 难道 中国 搞,BV1yv4y1B7wf,1213992,2083,935,28186,28300,1988,215974,0,热点,新华社,473837611.0,https://www.bilibili.com/video/BV1yv4y1B7wf/,692,2024-08-18 11:53,2022-12-31 07:50:00,新华社,473837611.0,5.0,新华社官方账号,,1.0,1,473837611.0,新华社,保密,16698094,5410,213795957,
相关视频,BV11up7egEDP,视频 见证 一座 城市 苏醒,BV1bz411b74i,95615,327,551,936,946,428,14438,0,社会,央视新闻,456664753.0,https://www.bilibili.com/video/BV1bz411b74i/,1186,2024-09-08 01:53,2020-04-07 04:40:06,央视新闻,456664753.0,5.0,央视新闻官方账号,,1.0,1,456664753.0,央视新闻,保密,19550189,7442,351768520,单个自制视频总播放数>=100万
相关视频,BV1zy411e7Bd,张扬 老师 忘 家乡 黄梅戏 带进 课堂,BV1Fv411V7c9,54469,287,292,379,785,122,9514,0,热点,新华社,473837611.0,https://www.bilibili.com/video/BV1Fv411V7c9/,693,2024-08-18 12:53,2021-05-31 03:13:40,新华社,473837611.0,5.0,新华社官方账号,,1.0,1,473837611.0,新华社,保密,16698094,5410,213795957,
相关视频,BV1fW42197Bb,冬奥 志愿者 希望 听到 国歌 反复 奏响,BV1w34y1r7GD,34928,16,72,125,129,56,8124,0,社会,央视新闻,456664753.0,https://www.bilibili.com/video/BV1w34y1r7GD/,527,2024-08-11 14:53,2021-12-25 06:56:05,央视新闻,456664753.0,5.0,央视新闻官方账号,,1.0,1,456664753.0,央视新闻,保密,19538939,7435,351374038,单个自制视频总播放数>=100万
相关视频,BV1xb421J7mJ,硬核 军粮 既能 扛 饥饿 刀枪,BV1RA411M76u,3821669,642,2767,4010,423,924,45666,0,美食记录,国防时报TV,189866857.0,https://www.bilibili.com/video/BV1RA411M76u/,45,2024-07-22 12:53,2021-02-22 16:15:04,国防时报TV,189866857.0,5.0,国防时报官方账号,,1.0,1,189866857.0,国防时报TV,保密,1502991,4314,44359808,单个自制视频总播放数>=100万
相关视频,BV16U411U7C2,郑钦文 赛前 很多遍 刘翔 夺冠 视频 激励 做到,BV12S411w7Xv,95207,117,396,457,350,222,12011,0,竞技体育,中新视频,104092224.0,https://www.bilibili.com/video/BV12S411w7Xv/,342,2024-08-03 21:53,2024-08-03 20:19:51,中新视频,104092224.0,5.0,中国新闻社官方账号,,1.0,1,104092224.0,中新视频,保密,287389,18663,40523300,单个自制视频总播放数>=100万
相关视频,BV1vT421z7BX,配料表 写 保密 合规,BV1ZM411k7jZ,1869042,779,2234,4870,1204,519,113419,0,科学科普,中国食品报融媒体,439478093.0,https://www.bilibili.com/video/BV1ZM411k7jZ/,966,2024-08-29 21:53,2022-11-15 10:33:26,中国食品报融媒体,439478093.0,5.0,中国食品报融媒体官方帐号,,1.0,1,439478093.0,中国食品报融媒体,保密,3805502,445,52587388,单个自制视频总播放数>=100万
相关视频,BV1ah23Y5E1P,舞台 新人 结婚典礼 正在 进行 新郎 突然 走开 移灯 网友 新郎 有事 走开 马上 回来,BV1p923YbEtd,51189,7,48,22,9,15,1000,0,社会,东方今报,493260599.0,https://www.bilibili.com/video/BV1p923YbEtd/,158,2024-10-11 07:53,2024-10-10 10:27:56,东方今报,493260599.0,5.0,东方今报社官方账号,,1.0,1,493260599.0,东方今报,保密,192374,20903,79740083,单个自制视频总播放数>=100万
相关视频,BV1WD21YbEkD,二房东 租客 包子铺 生意 要求 涨租元 拒绝 连夜 搬空 店铺 包子铺 老板 还断 过电 找 焊工 整张 门锁 死,BV12L2bYEEnP,25712,6,70,19,6,5,1316,0,社会,洛阳网,1905206817.0,https://www.bilibili.com/video/BV12L2bYEEnP/,184,2024-10-12 09:53,2024-10-12 07:58:47,洛阳网,1905206817.0,5.0,洛阳网官方账号,,1.0,1,1905206817.0,洛阳网,保密,90449,13494,43927768,
相关视频,BV124421U7zx,中国 沙特 指导 当地人 种 茄子 种 茄子,BV1wW421R7sL,335237,199,826,856,37,274,16264,0,热点,中新视频,104092224.0,https://www.bilibili.com/video/BV1wW421R7sL/,184,2024-07-28 07:53,2024-07-18 04:59:11,中新视频,104092224.0,5.0,中国新闻社官方账号,,1.0,1,104092224.0,中新视频,保密,287389,18663,40523300,单个自制视频总播放数>=100万
相关视频,BV1in4y1f732,疑似 医生 实验员 企业 非法 倒卖 尸骨 原材料 殡仪馆 购入 万元 售出,BV1AT421r7gy,6920,7,124,64,49,111,742,0,社会,荔枝新闻,38996445.0,https://www.bilibili.com/video/BV1AT421r7gy/,451,2024-08-08 10:53,2024-08-08 09:48:54,荔枝新闻,38996445.0,5.0,荔枝新闻官方账号,,1.0,1,38996445.0,荔枝新闻,保密,19390,2228,3173471,单个自制视频总播放数>=100万
相关视频,BV1Ty411q7Fv,奥运 开幕式 韩国 国名 报成 朝鲜 国际奥委会 致歉,BV1QH4y1c73c,144593,197,434,449,28,1229,5740,0,环球,四川观察,487614876.0,https://www.bilibili.com/video/BV1QH4y1c73c/,160,2024-07-27 07:53,2024-07-27 06:36:30,四川观察,487614876.0,5.0,四川广播电视台官方账号,,1.0,1,487614876.0,四川观察,保密,937471,10850,152725193,单个自制视频总播放数>=100万
相关视频,BV1uM4m1Y7pF,沙利文 任内 首次 访华 随行人员 几乎 中文,BV11n4y1f7q4,240352,362,1051,688,104,251,9512,0,热点,环球网,483787858.0,https://www.bilibili.com/video/BV11n4y1f7q4/,965,2024-08-29 20:53,2024-08-29 00:23:33,环球网,483787858.0,5.0,环球网官方账号,,1.0,1,483787858.0,环球网,保密,1422102,30098,210818986,单个自制视频总播放数>=100万
相关视频,BV1L1421t7GU,马龙 纪录片 热爱 挥出,BV1pG411r749,155412,691,431,5883,7194,2033,18352,0,热点,人民日报,1131457022.0,https://www.bilibili.com/video/BV1pG411r749/,475,2024-08-09 10:53,2023-12-29 09:25:28,人民日报,1131457022.0,5.0,人民日报官方账号,,1.0,1,1131457022.0,人民日报,保密,15220715,3042,157267295,单个自制视频总播放数>=100万
热门视频,,亿美元 雇 水军 中国 美国 这笔,BV15RtSetEcg,154727,645,2124,1481,1907,1319,16771,0,热点,央视新闻,456664753.0,https://www.bilibili.com/video/BV15RtSetEcg/,1492,2024-09-20 19:53,2024-09-22 09:37:52,央视新闻,456664753.0,5.0,央视新闻官方账号,,1.0,1,456664753.0,央视新闻,保密,19554364,7443,351841688,单个自制视频总播放数>=100万
相关视频,BV1L1421t7GU,第金 陈 艺文 夺得 跳水 米板 金牌,BV1Zf421v7iV,40682,28,99,67,80,30,7274,0,竞技体育,人民日报,1131457022.0,https://www.bilibili.com/video/BV1Zf421v7iV/,475,2024-08-09 10:53,2024-08-09 14:49:58,人民日报,1131457022.0,5.0,人民日报官方账号,,1.0,1,1131457022.0,人民日报,保密,15220715,3042,157267295,单个自制视频总播放数>=100万
相关视频,BV1yW42197Vu,中国 可控 核聚变 重大突破 允许 畅想,BV1wu4y1v7VC,1092529,5336,9641,11934,13817,11947,174865,0,综合,央视农业,1343321779.0,https://www.bilibili.com/video/BV1wu4y1v7VC/,397,2024-08-06 04:53,2023-08-28 03:00:00,央视农业,1343321779.0,5.0,CCTV-17农业农村频道新闻部官方账号,,1.0,1,1343321779.0,央视农业,保密,2764441,1244,73329829,单个自制视频总播放数>=100万
相关视频,BV1Jb421J7cz,长大 懂,BV1kV4y1r71a,2797567,897,1914,15397,9904,1361,184735,0,日常,新华社快看,515155585.0,https://www.bilibili.com/video/BV1kV4y1r71a/,530,2024-08-11 17:53,2023-05-12 02:40:39,新华社快看,515155585.0,5.0,新华社快看官方账号,,1.0,1,515155585.0,新华社快看,保密,1389816,6976,54464365,所有自制视频总播放数>=100万
相关视频,BV1JvtsePEBb,中国 记者,BV17m4y1F7w3,388901,279,334,8513,5054,2575,64903,0,热点,新华社,473837611.0,https://www.bilibili.com/video/BV17m4y1F7w3/,1355,2024-09-15 02:53,2022-11-08 01:30:15,新华社,473837611.0,5.0,新华社官方账号,,1.0,1,473837611.0,新华社,保密,16701611,5412,211674683,
相关视频,BV1iaHseyEib,下班 在线 政协委员 发声,BV1kW421w77H,122559,0,0,1015,901,934,25654,0,财经商业,第一财经,48968347.0,https://www.bilibili.com/video/BV1kW421w77H/,1049,2024-09-02 08:53,2024-03-05 06:48:50,第一财经,48968347.0,5.0,第一财经官方账号,,1.0,1,48968347.0,第一财经,保密,93410,4482,4189160,
相关视频,BV14JxgecEUo,法国 小城 野兔 泛滥 四川 网友 放着 主播 三农,BV1sD421n7in,504762,2195,2341,1874,690,1092,71448,0,综合,央视农业,1343321779.0,https://www.bilibili.com/video/BV1sD421n7in/,1575,2024-09-24 06:53,2024-04-12 14:21:26,央视农业,1343321779.0,5.0,CCTV-17农业农村频道新闻部官方账号,,1.0,1,1343321779.0,央视农业,保密,2767418,1247,73437459,单个自制视频总播放数>=100万
相关视频,BV15H4y1F7vv,社交 媒体 电报 创始人 杜罗夫 法国 被捕,BV1w1421b7u1,311853,375,2091,1387,199,3902,12059,0,综合,央视新闻,456664753.0,https://www.bilibili.com/video/BV1w1421b7u1/,913,2024-08-27 16:53,2024-08-26 12:19:09,央视新闻,456664753.0,5.0,央视新闻官方账号,,1.0,1,456664753.0,央视新闻,保密,19550189,7442,351768520,单个自制视频总播放数>=100万
相关视频,BV1Nx4y1s7Wk,练起来 常 打乒乓球 能防 近视,BV1X4421Z7uS,92517,114,372,490,35,282,2642,0,热点,央视网快看,451320374.0,https://www.bilibili.com/video/BV1X4421Z7uS/,597,2024-08-14 12:53,2024-07-28 11:51:31,央视网快看,451320374.0,5.0,央视网新闻频道官方账号,,1.0,1,451320374.0,央视网快看,保密,1792020,7783,65688189,
相关视频,BV1SapseqEQx,金有 抹 中国 红 闪耀 巴黎,BV1QfpEeRErj,61297,250,260,950,2178,287,12757,0,热点,新华社,473837611.0,https://www.bilibili.com/video/BV1QfpEeRErj/,1212,2024-09-09 03:53,2024-09-09 11:14:59,新华社,473837611.0,5.0,新华社官方账号,,1.0,1,473837611.0,新华社,保密,16698094,5410,213795957,
相关视频,BV1Vh4be8EFs,牺牲 第一个 清明节,BV1354y1b7gM,541935,3685,1432,8191,23489,2038,84885,0,社会,央视新闻,456664753.0,https://www.bilibili.com/video/BV1354y1b7gM/,1278,2024-09-11 21:53,2021-04-03 01:30:03,央视新闻,456664753.0,5.0,央视新闻官方账号,,1.0,1,456664753.0,央视新闻,保密,19550189,7442,351768520,单个自制视频总播放数>=100万
相关视频,BV1Cv2AYzEu1,邯郸 初中生 被害案 律师 描述 尸检 情况 多处 外伤 眼珠 外翻 肝脏 出血 口,BV1dD421j7gD,1683482,5890,10327,12722,26852,18848,174485,0,社会,四川观察,487614876.0,https://www.bilibili.com/video/BV1dD421j7gD/,167,2024-10-11 16:53,2024-03-19 15:38:21,四川观察,487614876.0,5.0,四川广播电视台官方账号,,1.0,1,487614876.0,四川观察,保密,939183,10883,153387295,单个自制视频总播放数>=100万
相关视频,BV1KSs8eJEyN,央行 全国 商业 房贷 区分 首 套房 套房 首付 比例 统一 存量 房贷利率 下调 预计 惠及 亿 人口,BV1UxsheXEQq,67612,130,629,155,24,927,1889,0,财经商业,人民网,33775467.0,https://www.bilibili.com/video/BV1UxsheXEQq/,1544,2024-09-22 23:53,2024-09-24 05:48:29,人民网,33775467.0,5.0,人民网官方账号,,1.0,1,33775467.0,人民网,保密,3643067,5686,64597097,
相关视频,BV1q8mHYUEYT,羊羔 找 主人 玩 惨遭 拒绝 羊羊 其实 玩,BV1DUm5YpEqu,360954,86,379,3061,127,1450,31305,0,日常,动静贵州,67209631.0,https://www.bilibili.com/video/BV1DUm5YpEqu/,314,2024-10-17 19:53,2024-10-14 08:39:51,动静贵州,67209631.0,5.0,贵州广播电视台动静app官方账号,,1.0,1,67209631.0,动静贵州,保密,32520,4420,14266918,
相关视频,BV1mW42197RA,度 景区 遇 游客 风扇 服 网友 买过 真的 凉快,BV1FW421R7MF,91697,21,264,40,10,14,2105,0,出行,龙岩市融媒体中心,1530531921.0,https://www.bilibili.com/video/BV1FW421R7MF/,275,2024-08-01 02:53,2024-07-31 01:43:23,龙岩市融媒体中心,1530531921.0,5.0,龙岩市融媒体中心官方账号,,1.0,1,1530531921.0,龙岩市融媒体中心,保密,13660,8211,8040642,
相关视频,BV1Jr2cYoEwV,美 军火商 对台 军售 涉 抬价 诈欺 郑村 棋 欺负 冤大头,BV1hN24Y7EA9,1134,0,1,1,0,0,41,0,热点,台海网,691041079.0,https://www.bilibili.com/video/BV1hN24Y7EA9/,124,2024-10-09 21:53,2024-10-09 03:46:18,台海网,691041079.0,5.0,台海网官方账号,,1.0,1,691041079.0,台海网,保密,125926,7676,5888868,
相关视频,BV1k1WbeMEVu,外交部 回应 黑神话悟空 全球 大热 反映 中国 文化 吸引力,BV1o4421U7Aq,253084,161,1001,891,195,2119,17214,0,日常,中新视频,104092224.0,https://www.bilibili.com/video/BV1o4421U7Aq/,748,2024-08-20 19:53,2024-08-21 07:59:30,中新视频,104092224.0,5.0,中国新闻社官方账号,,1.0,1,104092224.0,中新视频,保密,287804,18683,40596847,单个自制视频总播放数>=100万
相关视频,BV1FM4m117sz,央视 农业 报道 巴黎 首 金主 播说 三农,BV1c1421t7o1,131936,268,420,483,1203,222,22308,0,综合,央视农业,1343321779.0,https://www.bilibili.com/video/BV1c1421t7o1/,162,2024-07-27 09:53,2024-07-27 11:37:35,央视农业,1343321779.0,5.0,CCTV-17农业农村频道新闻部官方账号,,1.0,1,1343321779.0,央视农业,保密,2764441,1244,73329829,单个自制视频总播放数>=100万
相关视频,BV1Ui421h7v7,郭晶晶 奥运会 间隙 换 中国队 服再 登米板 模仿 跳水 动作 引 网友 回忆,BV1nh411B7wy,480525,81,210,546,52,44,12375,0,社会,燃新闻,436503463.0,https://www.bilibili.com/video/BV1nh411B7wy/,500,2024-08-10 11:53,2021-08-11 05:31:50,燃新闻,436503463.0,5.0,未来网短视频官方账号,,1.0,1,436503463.0,燃新闻,女,134478,11611,27006992,
相关视频,BV14E421w7wu,胡歌 分饰 五角 对话 永远 相信 中国,BV1Af4y1A7ZV,3516698,12655,6036,74658,220393,33611,413671,0,热点,央视新闻,456664753.0,https://www.bilibili.com/video/BV1Af4y1A7ZV/,343,2024-08-03 22:53,2021-10-01 08:32:53,央视新闻,456664753.0,5.0,央视新闻官方账号,,1.0,1,456664753.0,央视新闻,保密,19538939,7435,351374038,单个自制视频总播放数>=100万
相关视频,BV1bE4m1d7sV,家网 车 平台 约谈,BV1pv411P7nG,78205,55,420,235,130,243,12097,0,社会,新华社,473837611.0,https://www.bilibili.com/video/BV1pv411P7nG/,233,2024-07-30 08:53,2021-09-02 09:39:53,新华社,473837611.0,5.0,新华社官方账号,,1.0,1,473837611.0,新华社,保密,16689285,5404,213681222,
相关视频,BV1SU411U7rv,共和国 忘记 送 别国 脊梁 袁隆平,BV1Vv411L7ab,3354914,42288,21982,60991,224571,18277,466188,0,热点,央视新闻,456664753.0,https://www.bilibili.com/video/BV1Vv411L7ab/,462,2024-08-08 21:53,2021-05-22 06:42:05,央视新闻,456664753.0,5.0,央视新闻官方账号,,1.0,1,456664753.0,央视新闻,保密,19538939,7435,351374038,单个自制视频总播放数>=100万
相关视频,BV11Et3eqE4J,台独 卖命 武拒统 死路一条,BV1MJ4m1w7Pr,1592675,816,1108,14248,10959,2157,292021,0,热点,人民日报,1131457022.0,https://www.bilibili.com/video/BV1MJ4m1w7Pr/,1400,2024-09-16 23:53,2024-05-23 13:01:46,人民日报,1131457022.0,5.0,人民日报官方账号,,1.0,1,1131457022.0,人民日报,保密,15230611,3045,157365028,单个自制视频总播放数>=100万
相关视频,BV1FxsCeGEAh,大英博物馆 能力 管理 各国 掠夺 文物,BV1gu4y1k7tJ,70578,72,426,402,171,213,11268,0,环球,新华社,473837611.0,https://www.bilibili.com/video/BV1gu4y1k7tJ/,1515,2024-09-21 18:53,2023-09-06 03:45:51,新华社,473837611.0,5.0,新华社官方账号,,1.0,1,473837611.0,新华社,保密,16701611,5412,211674683,
相关视频,BV1AE4m1d7MB,谷爱凌 现身 跳水 赛场 中国 选手 加油 助威 完美 完美 完美,BV1CZ421T7zB,80313,10,78,91,10,52,3520,0,竞技体育,中新视频,104092224.0,https://www.bilibili.com/video/BV1CZ421T7zB/,289,2024-08-01 16:53,2024-07-27 16:20:59,中新视频,104092224.0,5.0,中国新闻社官方账号,,1.0,1,104092224.0,中新视频,保密,287389,18663,40523300,单个自制视频总播放数>=100万
相关视频,BV1Az421i7aW,亲妈 图鉴 第一次 当妈 解释,BV1cF411M72R,3935571,1722,1411,44604,21967,11958,372404,0,日常,新华社,473837611.0,https://www.bilibili.com/video/BV1cF411M72R/,90,2024-07-24 09:53,2022-05-08 03:10:00,新华社,473837611.0,5.0,新华社官方账号,,1.0,1,473837611.0,新华社,保密,16689285,5404,213681222,
相关视频,BV1u5yTYXE4s,贾评 创造 历史 意义 拉 踩,BV1Fi2dYSEYG,98174,782,3679,497,282,157,7854,0,热点,观察者网,10330740.0,https://www.bilibili.com/video/BV1Fi2dYSEYG/,316,2024-10-17 21:53,2024-10-15 06:52:27,观察者网,10330740.0,5.0,观察者网 官方账号,,1.0,1,10330740.0,观察者网,保密,7379254,18033,455949955,单个自制视频总播放数>=100万
相关视频,BV14mxseMEkL,追 长城,BV1ML4y1h75E,92792,100,244,748,750,470,15115,0,综合,央视新闻,456664753.0,https://www.bilibili.com/video/BV1ML4y1h75E/,1676,2024-09-28 11:53,2021-10-03 12:00:02,央视新闻,456664753.0,5.0,央视新闻官方账号,,1.0,1,456664753.0,央视新闻,保密,19554364,7443,351841688,单个自制视频总播放数>=100万
相关视频,BV1GvxPedEac,中国 爱情 样子,BV1EQ4y1277T,125807,270,754,2254,2621,940,16183,0,热点,人民日报,1131457022.0,https://www.bilibili.com/video/BV1EQ4y1277T/,1626,2024-09-26 09:53,2021-08-14 05:07:31,人民日报,1131457022.0,5.0,人民日报官方账号,,1.0,1,1131457022.0,人民日报,保密,15230611,3045,157365028,单个自制视频总播放数>=100万
相关视频,BV1WE4m1R7ub,缅怀 袁隆平 逝世,BV1oK4y1A7Cd,8442219,153118,163520,300812,734869,155542,1439952,0,热点,新华社,473837611.0,https://www.bilibili.com/video/BV1oK4y1A7Cd/,358,2024-08-04 13:53,2021-05-22 05:52:05,新华社,473837611.0,5.0,新华社官方账号,,1.0,1,473837611.0,新华社,保密,16689285,5404,213681222,
相关视频,BV1Jm42137Hc,哈里斯 发表 首次 竞选 演讲 检察官 经历 对付 共和党 总统 候选人,BV1xZ421N7Fa,103028,177,481,156,15,147,1459,0,社科·法律·心理,青蜂侠-Bee,328271007.0,https://www.bilibili.com/video/BV1xZ421N7Fa/,69,2024-07-23 12:53,2024-07-23 02:57:23,青蜂侠-Bee,328271007.0,5.0,中国青年网短视频官方账号,,1.0,1,328271007.0,青蜂侠-Bee,保密,569715,20257,62545461,单个自制视频总播放数>=100万
相关视频,BV1cs2BYPEQQ,昆明 小学生 研究 结 直肠癌 获 全国 奖项 中科院 介入 调查,BV1UK4y1s7E1,4244446,4345,6264,13062,1488,13682,90062,0,社会,红星视频,526890129.0,https://www.bilibili.com/video/BV1UK4y1s7E1/,225,2024-10-14 02:53,2020-07-14 03:06:55,红星视频,526890129.0,5.0,成都商报红星新闻官方账号,,1.0,1,526890129.0,红星视频,保密,207069,32749,67060583,单个自制视频总播放数>=100万
相关视频,BV1j2421Z7LM,信仰 李大钊,BV1az421q766,101265,0,100,2760,2228,357,20633,0,热点,新华社,473837611.0,https://www.bilibili.com/video/BV1az421q766/,409,2024-08-06 16:53,2024-07-07 04:00:00,新华社,473837611.0,5.0,新华社官方账号,,1.0,1,473837611.0,新华社,保密,16689285,5404,213681222,
相关视频,BV144421o7k5,唱反调 学生 真的 不好,BV1jh4y1t73w,334550,152,1170,4784,1640,1891,26703,0,社会,央视新闻,456664753.0,https://www.bilibili.com/video/BV1jh4y1t73w/,887,2024-08-26 14:53,2023-05-19 08:46:19,央视新闻,456664753.0,5.0,央视新闻官方账号,,1.0,1,456664753.0,央视新闻,保密,19550189,7442,351768520,单个自制视频总播放数>=100万
相关视频,BV1C4421Z7qZ,马 保国 酒吧 商演 闪电 五连鞭 知情人 出场费 高 达 二十多万,BV1Vx4y1473M,87502,58,378,73,0,511,925,0,热点,掌闻视讯,2144464488.0,https://www.bilibili.com/video/BV1Vx4y1473M/,138,2024-07-26 09:53,2024-07-26 05:40:38,掌闻视讯,2144464488.0,5.0,重庆时间网掌闻视讯官方账号,,1.0,1,2144464488.0,掌闻视讯,保密,41106,32528,15258731,
相关视频,BV1Jb421J7cz,奥运 策划 希望 刘长春 看到,BV1vE421w7rB,84651,433,179,2866,4123,574,11140,0,竞技体育,央视网,222103174.0,https://www.bilibili.com/video/BV1vE421w7rB/,530,2024-08-11 17:53,2024-07-24 10:07:15,央视网,222103174.0,5.0,央视网官方账号,,1.0,1,222103174.0,央视网,保密,4421260,23041,180721583,单个自制视频总播放数>=100万
相关视频,BV1yW42197Vu,苹果 长 蘑菇 回事 事 合适 主播 三农,BV1wS411w7yD,983697,3893,2147,5845,6414,2065,169523,0,三农,央视农业,1343321779.0,https://www.bilibili.com/video/BV1wS411w7yD/,397,2024-08-06 04:53,2024-07-13 03:01:06,央视农业,1343321779.0,5.0,CCTV-17农业农村频道新闻部官方账号,,1.0,1,1343321779.0,央视农业,保密,2764441,1244,73329829,单个自制视频总播放数>=100万
相关视频,BV1n5xFe9EbE,致死 瑞士 多名 安乐死 胶囊 舱 销售 运营 人员 被捕,BV1Dusoe8Exs,233569,153,1210,437,65,310,3855,0,环球,央视网快看,451320374.0,https://www.bilibili.com/video/BV1Dusoe8Exs/,1615,2024-09-25 22:53,2024-09-27 02:42:04,央视网快看,451320374.0,5.0,央视网新闻频道官方账号,,1.0,1,451320374.0,央视网快看,保密,1794879,7810,65833297,
相关视频,BV1iH4y1c7UT,懂 中文 外国 友人 朋友 合唱 爱国 歌曲 迷茫 震撼 只用 十几秒,BV18V41127vm,2384470,497,749,5540,1182,199,83343,0,社会,燃新闻,436503463.0,https://www.bilibili.com/video/BV18V41127vm/,69,2024-07-23 12:53,2020-10-09 05:32:17,燃新闻,436503463.0,5.0,未来网短视频官方账号,,1.0,1,436503463.0,燃新闻,女,134478,11611,27006992,
相关视频,BV1NHxJeDEHm,图 方便 钥匙 放 车里 私家车 凌晨 多次 开走 当事人 每次 加块 油,BV1ZesoeVEqv,62189,6,149,45,27,37,2266,0,社会,四川观察,487614876.0,https://www.bilibili.com/video/BV1ZesoeVEqv/,1626,2024-09-26 09:53,2024-09-27 01:37:06,四川观察,487614876.0,5.0,四川广播电视台官方账号,,1.0,1,487614876.0,四川观察,保密,939183,10883,153387295,单个自制视频总播放数>=100万
相关视频,BV1L1421t7GU,视频 许昕 刘诗雯 拼过 真 英雄,BV1Vb4y1r7hs,756380,3762,2409,11007,29215,2193,115903,0,热点,人民日报,1131457022.0,https://www.bilibili.com/video/BV1Vb4y1r7hs/,475,2024-08-09 10:53,2021-07-26 16:30:36,人民日报,1131457022.0,5.0,人民日报官方账号,,1.0,1,1131457022.0,人民日报,保密,15220715,3042,157267295,单个自制视频总播放数>=100万
相关视频,BV1sZ421N7Jt,奥运 奥运 女神 最飒,BV1cS421d7cz,29765,103,54,237,11,34,881,0,竞技体育,新民晚报,326121578.0,https://www.bilibili.com/video/BV1cS421d7cz/,154,2024-07-27 01:53,2024-07-26 11:23:29,新民晚报,326121578.0,5.0,新民晚报官方账号,,1.0,1,326121578.0,新民晚报,男,146379,10527,38089607,
相关视频,BV1Gb42177CL,理塘 丁真首 登 卫视 舞台 干净 嘹亮 歌声 响彻 花 仿佛 看到 理塘 雪山 草原 湖泊,BV1Bv411x7DS,850216,1417,1116,489,316,981,3399,0,Unknown,四川卫视,703168469.0,https://www.bilibili.com/video/BV1Bv411x7DS/,55,2024-07-22 22:53,2021-01-07 11:00:19,四川卫视,703168469.0,5.0,四川卫视官方账号,,1.0,1,703168469.0,四川卫视,保密,72001,1844,1740923,单个自制视频总播放数>=100万
相关视频,BV13b421J77t,漫展 有人 吴京 愣 程度 网友 明明 是昊京,BV1tX4y1n7mu,1371219,350,981,2111,115,1723,31143,0,日常,羊城晚报,1342440854.0,https://www.bilibili.com/video/BV1tX4y1n7mu/,46,2024-07-22 13:53,2023-07-25 03:52:57,羊城晚报,1342440854.0,5.0,羊城晚报官方账号,,1.0,1,1342440854.0,羊城晚报,保密,57369,7688,23758062,单个自制视频总播放数>=100万
相关视频,BV11W421X7jM,上半年 节气,BV12L4y1A75C,61764,39,363,434,195,133,10027,0,社会,央视新闻,456664753.0,https://www.bilibili.com/video/BV12L4y1A75C/,1012,2024-08-31 19:53,2022-06-21 08:40:51,央视新闻,456664753.0,5.0,央视新闻官方账号,,1.0,1,456664753.0,央视新闻,保密,19550189,7442,351768520,单个自制视频总播放数>=100万
相关视频,BV1JRtvecE9v,厉害 深边 走 路边 飙 高音,BV113tTedEzN,61862,351,387,2781,2622,271,11881,0,Unknown,央视频,433587902.0,https://www.bilibili.com/video/BV113tTedEzN/,1386,2024-09-16 09:53,2024-09-14 08:10:09,央视频,433587902.0,5.0,央视频官方账号,,1.0,1,433587902.0,央视频,保密,3408954,8334,60954264,单个自制视频总播放数>=100万
相关视频,BV15RtSetEcg,怕死 不当 共产党 面对 敌人 铡刀 刘胡兰 从容 赴难,BV1nq4y1j79M,97639,66,212,620,473,496,18226,0,社会,央视新闻,456664753.0,https://www.bilibili.com/video/BV1nq4y1j79M/,1492,2024-09-20 19:53,2021-05-26 00:30:16,央视新闻,456664753.0,5.0,央视新闻官方账号,,1.0,1,456664753.0,央视新闻,保密,19554364,7443,351841688,单个自制视频总播放数>=100万
相关视频,BV1WT42167KB,突发 以色列 空袭 也门,BV1Dr421M7yS,283842,791,618,1002,285,3332,16677,0,热点,央视军事,46470268.0,https://www.bilibili.com/video/BV1Dr421M7yS/,15,2024-07-21 06:53,2024-07-21 00:18:05,央视军事,46470268.0,5.0,央视军事官方账号,中央广播电视总台国防军事频道官方账号,1.0,1,46470268.0,央视军事,保密,1635512,1384,23141868,
相关视频,BV15ntkeqE4B,肥牛 卷 价格 低 是不是 猫腻,BV1St4y1A7vF,3927684,1984,5429,10641,3822,4382,124483,0,科学科普,中国食品报融媒体,439478093.0,https://www.bilibili.com/video/BV1St4y1A7vF/,1478,2024-09-20 05:53,2022-09-21 10:49:21,中国食品报融媒体,439478093.0,5.0,中国食品报融媒体官方帐号,,1.0,1,439478093.0,中国食品报融媒体,保密,3806876,446,52604845,单个自制视频总播放数>=100万
相关视频,BV1qU411U77E,浙江 渔民 误捕 白色 海猪 立刻 放生,BV1Q54y1u79d,2402018,348,1261,1750,274,382,32492,0,社会,央视网,222103174.0,https://www.bilibili.com/video/BV1Q54y1u79d/,509,2024-08-10 20:53,2023-03-06 02:44:17,央视网,222103174.0,5.0,央视网官方账号,,1.0,1,222103174.0,央视网,保密,4421260,23041,180721583,单个自制视频总播放数>=100万
相关视频,BV1xb421J7mJ,山东 舰 甲板 出现 无人机 群美媒 看到 焦虑,BV1zS4y1e7xM,1000438,428,515,860,88,180,10991,0,科学科普,东南军情,651369596.0,https://www.bilibili.com/video/BV1zS4y1e7xM/,45,2024-07-22 12:53,2022-06-14 10:39:46,东南军情,651369596.0,5.0,东南卫视《东南军情》栏目官方账号,,1.0,1,651369596.0,东南军情,保密,109821,7906,6045773,单个自制视频总播放数>=100万
相关视频,BV1qb2VYWEwA,困在 植物 探访 中国 大陆 首家 植物 人托养 中心,BV1BK411H795,1343450,6904,4108,24953,103682,9908,130104,0,社会,央视新闻,456664753.0,https://www.bilibili.com/video/BV1BK411H795/,152,2024-10-11 01:53,2020-07-16 08:16:03,央视新闻,456664753.0,5.0,央视新闻官方账号,,1.0,1,456664753.0,央视新闻,保密,19554364,7443,351841688,单个自制视频总播放数>=100万
相关视频,BV14WH9ekEbw,台风 摩羯 来袭 这份 真实 避险 手册 请 收好,BV1PFpFeWEpZ,87312,113,525,760,195,1157,4923,0,科学科普,央视频,433587902.0,https://www.bilibili.com/video/BV1PFpFeWEpZ/,1124,2024-09-05 11:53,2024-09-04 10:17:30,央视频,433587902.0,5.0,央视频官方账号,,1.0,1,433587902.0,央视频,保密,3408454,8319,60705416,单个自制视频总播放数>=100万
相关视频,BV1fv2JYCEwy,疑案 告破 竟 全靠 一条 狗 警察 全城 搜索 加 鸡腿,BV16D4y1D7BK,1299767,2056,3026,5215,2171,3119,89545,0,社会,河南民生频道,403207842.0,https://www.bilibili.com/video/BV16D4y1D7BK/,113,2024-10-09 10:53,2020-06-11 11:20:03,河南民生频道,403207842.0,5.0,河南广播电视台民生频道《大参考》栏目官方账号,,1.0,1,403207842.0,河南民生频道,保密,196197,2182,6288055,单个自制视频总播放数>=100万
相关视频,BV1gVpqeuE1V,专访 许镜 清云宫 迅音 写,BV17Z421L74f,324408,668,761,3688,3423,532,56429,0,人文历史,央视新闻,456664753.0,https://www.bilibili.com/video/BV17Z421L74f/,1182,2024-09-07 21:53,2024-09-01 06:57:21,央视新闻,456664753.0,5.0,央视新闻官方账号,,1.0,1,456664753.0,央视新闻,保密,19550189,7442,351768520,单个自制视频总播放数>=100万
相关视频,BV1E1421t7ih,祖国 写 首歌,BV19u411f7Q6,5061167,57063,15660,246045,524922,68659,687227,0,原创音乐,央视新闻,456664753.0,https://www.bilibili.com/video/BV19u411f7Q6/,385,2024-08-05 16:53,2021-10-01 00:30:04,央视新闻,456664753.0,5.0,央视新闻官方账号,,1.0,1,456664753.0,央视新闻,保密,19538939,7435,351374038,单个自制视频总播放数>=100万
相关视频,BV1cy411q7SA,记者 词 形容 孙颖莎 王楚钦 马龙,BV1pH4y1c7d4,393953,367,416,1053,162,311,17621,0,竞技体育,新华网,488055582.0,https://www.bilibili.com/video/BV1pH4y1c7d4/,697,2024-08-18 16:53,2024-08-13 11:05:00,新华网,488055582.0,5.0,新华网官方账号,,1.0,1,488055582.0,新华网,保密,1267222,5263,36903659,
热门视频,,婚姻登记 需要 户口簿 婚姻登记 条例 修订 草案 征求意见 稿 变化,BV1Mw4m1k7rf,671067,518,3472,2418,524,11373,18391,0,社科·法律·心理,央视新闻,456664753.0,https://www.bilibili.com/video/BV1Mw4m1k7rf/,625,2024-08-15 16:53,2024-08-15 10:47:46,央视新闻,456664753.0,5.0,央视新闻官方账号,,1.0,1,456664753.0,央视新闻,保密,19538939,7435,351374038,单个自制视频总播放数>=100万
相关视频,BV19f421e7Cc,听到 泪目 宋佳 辛柏青 含泪 演唱 人世间 主题曲,BV1S14y1e7JH,316231,322,297,2260,1700,1301,17561,0,社会,央视新闻,456664753.0,https://www.bilibili.com/video/BV1S14y1e7JH/,1018,2024-09-01 01:53,2022-09-11 05:27:01,央视新闻,456664753.0,5.0,央视新闻官方账号,,1.0,1,456664753.0,央视新闻,保密,19550189,7442,351768520,单个自制视频总播放数>=100万
相关视频,BV1Zy411i7Ph,首金 得主 黄雨婷 盛李豪 能够 为国争光 开心,BV1ME421A75k,119660,86,278,259,141,100,9943,0,热点,新华社,473837611.0,https://www.bilibili.com/video/BV1ME421A75k/,162,2024-07-27 09:53,2024-07-27 10:39:39,新华社,473837611.0,5.0,新华社官方账号,,1.0,1,473837611.0,新华社,保密,16689285,5404,213681222,
相关视频,BV19f421e7Cc,日本 记者 备战 伊藤美诚 陈梦 决赛,BV1Uv411E7h6,3183525,2649,9459,15286,20248,14249,225696,0,社会,央视新闻,456664753.0,https://www.bilibili.com/video/BV1Uv411E7h6/,1018,2024-09-01 01:53,2021-07-29 06:42:18,央视新闻,456664753.0,5.0,央视新闻官方账号,,1.0,1,456664753.0,央视新闻,保密,19550189,7442,351768520,单个自制视频总播放数>=100万
相关视频,BV1s1421t7CF,澳大利亚 教练 质疑 人类 可能 做到 潘展乐 最好 几次 误导 西方人 起来,BV1pM4m1y74r,64371,17,307,266,93,97,8249,0,热点,环球网,483787858.0,https://www.bilibili.com/video/BV1pM4m1y74r/,529,2024-08-11 16:53,2024-08-12 01:07:50,环球网,483787858.0,5.0,环球网官方账号,,1.0,1,483787858.0,环球网,保密,1421269,30048,210348227,单个自制视频总播放数>=100万
相关视频,BV1bm42137Te,刘国梁 懂球 胖子,BV1wA411P7R1,757302,207,225,3897,185,271,59156,0,社会,中视央广传媒,270090656.0,https://www.bilibili.com/video/BV1wA411P7R1/,583,2024-08-13 22:53,2021-08-03 10:14:55,中视央广传媒,270090656.0,5.0,中视央广传媒官方账号,,1.0,1,270090656.0,中视央广传媒,保密,369508,803,20578174,单个自制视频总播放数>=100万
相关视频,BV1ff421v79Y,新疆 人用 西瓜 烤肉 事 瞒不住,BV1Nf421i7LU,140582,408,387,481,167,414,6942,0,美食制作,央视网快看,451320374.0,https://www.bilibili.com/video/BV1Nf421i7LU/,92,2024-07-24 11:53,2024-07-24 01:14:27,央视网快看,451320374.0,5.0,央视网新闻频道官方账号,,1.0,1,451320374.0,央视网快看,保密,1792020,7783,65688189,
相关视频,BV1UuxKeHE1V,掩护 八路军总部 撤离 牺牲 血铸 太行 英雄,BV15Q4y1R7u3,54698,32,174,237,345,116,13380,0,热点,央视新闻,456664753.0,https://www.bilibili.com/video/BV15Q4y1R7u3/,1710,2024-09-29 21:53,2021-05-20 12:44:43,央视新闻,456664753.0,5.0,央视新闻官方账号,,1.0,1,456664753.0,央视新闻,保密,19554364,7443,351841688,单个自制视频总播放数>=100万
相关视频,BV1gVpqeuE1V,沙县 小吃 来头 快 编来 打卡,BV1MK4y1S7X1,55229,0,105,295,241,203,11078,0,社会,央视新闻,456664753.0,https://www.bilibili.com/video/BV1MK4y1S7X1/,1182,2024-09-07 21:53,2021-03-24 09:25:57,央视新闻,456664753.0,5.0,央视新闻官方账号,,1.0,1,456664753.0,央视新闻,保密,19550189,7442,351768520,单个自制视频总播放数>=100万
相关视频,BV1G1421t7RK,舒服 外交部 高能 名 场面 混剪,BV1tY411p7u3,9115504,16119,4033,295596,481517,64751,996348,0,热点,新华社,473837611.0,https://www.bilibili.com/video/BV1tY411p7u3/,329,2024-08-03 08:53,2021-12-29 03:52:46,新华社,473837611.0,5.0,新华社官方账号,,1.0,1,473837611.0,新华社,保密,16689285,5404,213681222,
相关视频,BV1Q9tweQEPZ,判 网红 卖货 圈套 揭开 主播 三农,BV11t42137iG,1837634,3651,4694,8382,7505,5993,270975,0,三农,央视农业,1343321779.0,https://www.bilibili.com/video/BV11t42137iG/,1303,2024-09-12 22:53,2024-03-27 12:08:37,央视农业,1343321779.0,5.0,CCTV-17农业农村频道新闻部官方账号,,1.0,1,1343321779.0,央视农业,保密,2766598,1246,73397979,单个自制视频总播放数>=100万
相关视频,BV1Ty411q7vu,老人 洒水车 跑步 喷洒 官方 回应 洒水车 司机 停职,BV1DW42197An,244461,62,365,130,26,61,6311,0,综合,环球网,483787858.0,https://www.bilibili.com/video/BV1DW42197An/,560,2024-08-12 23:53,2024-08-13 07:11:26,环球网,483787858.0,5.0,环球网官方账号,,1.0,1,483787858.0,环球网,保密,1421269,30048,210348227,单个自制视频总播放数>=100万
相关视频,BV1TU4YeeEsu,全球 首例 无人化 垂直 植物 工厂 流浪 地球 蚯蚓 主播 三农,BV1dH4y1C7nQ,868445,3630,4646,11749,11682,8210,127714,0,综合,央视农业,1343321779.0,https://www.bilibili.com/video/BV1dH4y1C7nQ/,1222,2024-09-09 13:53,2023-12-05 14:48:46,央视农业,1343321779.0,5.0,CCTV-17农业农村频道新闻部官方账号,,1.0,1,1343321779.0,央视农业,保密,2766598,1246,73397979,单个自制视频总播放数>=100万
相关视频,BV14x4y14754,文秀 五年 忘记,BV1Xm421V7nf,414113,2051,701,5858,8040,573,161543,0,热点,新华社,473837611.0,https://www.bilibili.com/video/BV1Xm421V7nf/,268,2024-07-31 19:53,2024-06-17 03:24:40,新华社,473837611.0,5.0,新华社官方账号,,1.0,1,473837611.0,新华社,保密,16689285,5404,213681222,
相关视频,BV1o2mEYgExJ,身患 重病 坚持 工作 党 干部 人民 公仆,BV1Zb4y1o7ss,100747,94,272,698,679,234,22291,0,社会,央视新闻,456664753.0,https://www.bilibili.com/video/BV1Zb4y1o7ss/,258,2024-10-15 11:53,2021-05-30 13:16:12,央视新闻,456664753.0,5.0,央视新闻官方账号,,1.0,1,456664753.0,央视新闻,保密,19557420,7446,351921617,单个自制视频总播放数>=100万
相关视频,BV1oU411U7Dr,突发 哈马斯 领导人 遇袭 身亡,BV16w4m1k7Q4,861352,1974,3524,3047,581,8675,57061,0,热点,新华社,473837611.0,https://www.bilibili.com/video/BV16w4m1k7Q4/,255,2024-07-31 06:53,2024-07-31 03:44:35,新华社,473837611.0,5.0,新华社官方账号,,1.0,1,473837611.0,新华社,保密,16689285,5404,213681222,
相关视频,BV1Z3p3eyESy,人大代表 建议 代孕 入 刑法 支持,BV1VK4y1D7tj,374276,3812,1828,2141,5736,663,50314,0,热点,中新视频,104092224.0,https://www.bilibili.com/video/BV1VK4y1D7tj/,1184,2024-09-07 23:53,2021-03-04 09:44:59,中新视频,104092224.0,5.0,中国新闻社官方账号,,1.0,1,104092224.0,中新视频,保密,287804,18683,40596847,单个自制视频总播放数>=100万
相关视频,BV1KW42197ua,武契奇 收到 俄方 警告 政变 正在 酝酿,BV1QW42197iA,76236,21,263,256,21,221,8140,0,社会,环球网,483787858.0,https://www.bilibili.com/video/BV1QW42197iA/,491,2024-08-10 02:53,2024-08-10 09:18:10,环球网,483787858.0,5.0,环球网官方账号,,1.0,1,483787858.0,环球网,保密,1421269,30048,210348227,单个自制视频总播放数>=100万
相关视频,BV1SU411U7rv,七战 奥运 老将 波尔 退役,BV1pw4m1k7LY,764331,681,1087,4606,2818,1311,144694,0,竞技体育,央视新闻,456664753.0,https://www.bilibili.com/video/BV1pw4m1k7LY/,462,2024-08-08 21:53,2024-08-07 11:12:31,央视新闻,456664753.0,5.0,央视新闻官方账号,,1.0,1,456664753.0,央视新闻,保密,19538939,7435,351374038,单个自制视频总播放数>=100万
相关视频,BV1FM4m1Y72P,上天 上车 饺子 下车 面,BV1pm4y1i7Rc,1137224,1748,1891,4005,5318,705,153755,0,三农,央视农业,1343321779.0,https://www.bilibili.com/video/BV1pm4y1i7Rc/,808,2024-08-23 07:53,2023-06-04 14:52:14,央视农业,1343321779.0,5.0,CCTV-17农业农村频道新闻部官方账号,,1.0,1,1343321779.0,央视农业,保密,2766598,1246,73397979,单个自制视频总播放数>=100万
相关视频,BV1gr421M73D,当水 饮料,BV1Gh4y1f7Fv,3658988,5662,7120,8600,3987,1856,205649,0,科学科普,中国食品报融媒体,439478093.0,https://www.bilibili.com/video/BV1Gh4y1f7Fv/,489,2024-08-10 00:53,2023-07-14 09:04:55,中国食品报融媒体,439478093.0,5.0,中国食品报融媒体官方帐号,,1.0,1,439478093.0,中国食品报融媒体,保密,3800644,445,52536069,单个自制视频总播放数>=100万
相关视频,BV15w4m1k7BM,网络 近期 谣言 鉴定,BV1P1421i7gy,2765910,1920,2445,12614,10108,2606,244060,0,综合,央视新闻,456664753.0,https://www.bilibili.com/video/BV1P1421i7gy/,694,2024-08-18 13:53,2024-05-19 12:48:38,央视新闻,456664753.0,5.0,央视新闻官方账号,,1.0,1,456664753.0,央视新闻,保密,19550189,7442,351768520,单个自制视频总播放数>=100万
相关视频,BV1G1421t7RK,袁隆平 逝世 三周年 年轻人 一遍,BV1wn4y1o7u7,559766,2270,2332,29082,39249,3922,196856,0,热点,新华社,473837611.0,https://www.bilibili.com/video/BV1wn4y1o7u7/,329,2024-08-03 08:53,2024-05-21 23:00:00,新华社,473837611.0,5.0,新华社官方账号,,1.0,1,473837611.0,新华社,保密,16689285,5404,213681222,
相关视频,BV1wE421w7T3,外媒 质疑 潘展乐 奥运 成绩 美国 博主 怒斥 奥运会 耻辱,BV1LS42197Yp,197594,87,450,926,333,149,13582,0,竞技体育,中国日报,21778636.0,https://www.bilibili.com/video/BV1LS42197Yp/,342,2024-08-03 21:53,2024-08-04 03:06:30,中国日报,21778636.0,5.0,中国日报官方账号,,1.0,1,21778636.0,中国日报,保密,2885406,9252,73844920,单个自制视频总播放数>=100万
相关视频,BV1TU4YeeEsu,理解 集束 弹药 用于 人口稠密 地区 老挝 农田 仍受 影响,BV1414y1d7Wv,474873,495,1615,1713,2515,394,60895,0,三农,央视农业,1343321779.0,https://www.bilibili.com/video/BV1414y1d7Wv/,1222,2024-09-09 13:53,2023-07-14 10:49:44,央视农业,1343321779.0,5.0,CCTV-17农业农村频道新闻部官方账号,,1.0,1,1343321779.0,央视农业,保密,2766598,1246,73397979,单个自制视频总播放数>=100万
相关视频,BV1SVHQerE7p,球 惨败 日本 后国足 主帅 伊万 致歉 坚称 小组 第名 目标 不变,BV1ErH9ecEL6,131195,136,1419,208,10,89,3466,0,足球,环球网,483787858.0,https://www.bilibili.com/video/BV1ErH9ecEL6/,1128,2024-09-05 15:53,2024-09-06 13:27:54,环球网,483787858.0,5.0,环球网官方账号,,1.0,1,483787858.0,环球网,保密,1422102,30098,210818986,单个自制视频总播放数>=100万
相关视频,BV1G5xxeSECf,抗战 胜利 周年 分享 歌曲 恭喜 恭喜,BV1zJHneTEWt,108322,115,287,3920,2089,644,47606,0,人文历史,央视频,433587902.0,https://www.bilibili.com/video/BV1zJHneTEWt/,1676,2024-09-28 11:53,2024-09-03 02:20:47,央视频,433587902.0,5.0,央视频官方账号,,1.0,1,433587902.0,央视频,保密,3408954,8334,60954264,单个自制视频总播放数>=100万
相关视频,BV1JS42197xd,农业 摸底 实地 探访 鹅厂 肝主播 三农,BV1RT421k7k8,529859,1585,1195,2371,2466,1758,65292,0,综合,央视农业,1343321779.0,https://www.bilibili.com/video/BV1RT421k7k8/,270,2024-07-31 21:53,2024-07-19 04:32:18,央视农业,1343321779.0,5.0,CCTV-17农业农村频道新闻部官方账号,,1.0,1,1343321779.0,央视农业,保密,2764441,1244,73329829,单个自制视频总播放数>=100万
相关视频,BV1f4421Z7SG,张雨霏 换 中国,BV1Cr421K7ym,110361,12,252,171,2,24,2723,0,社会,白鹿视频,1262757505.0,https://www.bilibili.com/video/BV1Cr421K7ym/,609,2024-08-15 00:53,2024-08-15 02:19:32,白鹿视频,1262757505.0,5.0,陕西网新传媒有限公司官方账号,陕西网旗下白鹿视频,1.0,1,1262757505.0,白鹿视频,保密,39878,24995,25087811,
相关视频,BV12f421q7yE,台 风格 美 逼近 闽浙 货车 大风 吹 翻 巨浪 层层 叠 涌 拍岸,BV1yS411w746,46580,0,0,51,3,60,998,0,热点,青蜂侠-Bee,328271007.0,https://www.bilibili.com/video/BV1yS411w746/,281,2024-08-01 08:53,2024-07-25 08:38:41,青蜂侠-Bee,328271007.0,5.0,中国青年网短视频官方账号,,1.0,1,328271007.0,青蜂侠-Bee,保密,569715,20257,62545461,单个自制视频总播放数>=100万
相关视频,BV14x4y14754,台上 放着 外长 遗像 伊朗外交部 发言人 巴勒斯坦 支持 绝不 改变,BV1ri421S7YY,156002,34,105,700,298,77,25592,0,环球,新华社,473837611.0,https://www.bilibili.com/video/BV1ri421S7YY/,268,2024-07-31 19:53,2024-05-28 08:17:17,新华社,473837611.0,5.0,新华社官方账号,,1.0,1,473837611.0,新华社,保密,16689285,5404,213681222,
相关视频,BV1WYt4eVEX3,烦恼 忧愁 抽空 周深 首歌 心情 好好,BV1agtsenECQ,94357,1161,1127,6770,14895,1292,22169,0,音乐现场,人民日报,1131457022.0,https://www.bilibili.com/video/BV1agtsenECQ/,1378,2024-09-16 01:53,2024-09-16 14:19:52,人民日报,1131457022.0,5.0,人民日报官方账号,,1.0,1,1131457022.0,人民日报,保密,15230611,3045,157365028,单个自制视频总播放数>=100万
相关视频,BV14JxgecEUo,你家 猪 杀 科学 安全 杀猪 主播 三农,BV1Y4421c79t,255986,350,776,772,737,459,30881,0,综合,央视农业,1343321779.0,https://www.bilibili.com/video/BV1Y4421c79t/,1575,2024-09-24 06:53,2024-02-08 10:02:20,央视农业,1343321779.0,5.0,CCTV-17农业农村频道新闻部官方账号,,1.0,1,1343321779.0,央视农业,保密,2767418,1247,73437459,单个自制视频总播放数>=100万
相关视频,BV15RtSetEcg,五星 耀 东京 精气神 中国,BV1Q3411676P,193844,502,97,2833,4429,626,29802,0,热点,央视新闻,456664753.0,https://www.bilibili.com/video/BV1Q3411676P/,1492,2024-09-20 19:53,2021-08-03 03:54:02,央视新闻,456664753.0,5.0,央视新闻官方账号,,1.0,1,456664753.0,央视新闻,保密,19554364,7443,351841688,单个自制视频总播放数>=100万
相关视频,BV1cT421r7EN,北京 冬奥会 谢谢 带给 惊喜 中国 冬奥 健儿 棒,BV1D341177ER,76555,12,73,712,579,188,12397,0,社会,央视新闻,456664753.0,https://www.bilibili.com/video/BV1D341177ER/,202,2024-07-29 01:53,2022-02-22 00:30:07,央视新闻,456664753.0,5.0,央视新闻官方账号,,1.0,1,456664753.0,央视新闻,保密,19538939,7435,351374038,单个自制视频总播放数>=100万
相关视频,BV1xtbceyE3c,网友 妈妈 刚 学会 网购 买 一箱 大闸蟹 网友 商家 良心 活,BV1KHtpeKEJo,6922,7,27,17,4,26,489,0,日常,东方今报,493260599.0,https://www.bilibili.com/video/BV1KHtpeKEJo/,1447,2024-09-18 22:53,2024-09-19 10:06:04,东方今报,493260599.0,5.0,东方今报社官方账号,,1.0,1,493260599.0,东方今报,保密,192374,20903,79740083,单个自制视频总播放数>=100万
相关视频,BV1iUxve7EzJ,以色列 拉黑 联合国 秘书长 国 表态 俄罗斯 回应 亮,BV132xQe9EC8,114827,256,280,494,110,335,5656,0,热点,新华网,488055582.0,https://www.bilibili.com/video/BV132xQe9EC8/,1752,2024-10-01 15:53,2024-10-03 08:29:31,新华网,488055582.0,5.0,新华网官方账号,,1.0,1,488055582.0,新华网,保密,1267797,5266,36933905,
相关视频,BV1vT421z7BX,外卖 门店 骗 照门,BV1Hh4y1g7Ym,1075281,867,2883,2847,2542,3794,60182,0,科学科普,中国食品报融媒体,439478093.0,https://www.bilibili.com/video/BV1Hh4y1g7Ym/,966,2024-08-29 21:53,2023-06-26 10:04:25,中国食品报融媒体,439478093.0,5.0,中国食品报融媒体官方帐号,,1.0,1,439478093.0,中国食品报融媒体,保密,3805502,445,52587388,单个自制视频总播放数>=100万
相关视频,BV1Qz421i7JU,黑神话悟空 制作 冯骥 国风 免死 金牌 重要 好玩,BV1ez421i7Nu,215116,283,951,1328,1411,794,22192,0,单机游戏,新华网,488055582.0,https://www.bilibili.com/video/BV1ez421i7Nu/,718,2024-08-19 13:53,2024-08-19 06:59:05,新华网,488055582.0,5.0,新华网官方账号,,1.0,1,488055582.0,新华网,保密,1267222,5263,36903659,
相关视频,BV1AztQejEDJ,返工 坐车 十几个 警惕 经济舱 综合征 已有 身亡 主播 三农,BV1sr421p757,269257,301,1191,2442,1127,3910,39234,0,综合,央视农业,1343321779.0,https://www.bilibili.com/video/BV1sr421p757/,1439,2024-09-18 14:53,2024-02-24 13:36:40,央视农业,1343321779.0,5.0,CCTV-17农业农村频道新闻部官方账号,,1.0,1,1343321779.0,央视农业,保密,2767418,1247,73437459,单个自制视频总播放数>=100万
相关视频,BV1uEC2Y8E4k,好评 遗忘 角落 穷苦 终于 死神 赛跑 机会,BV1aDC2YqErq,22609,40,121,170,50,22,3715,0,社科·法律·心理,观察者网,10330740.0,https://www.bilibili.com/video/BV1aDC2YqErq/,326,2024-10-18 07:53,2024-10-18 10:50:00,观察者网,10330740.0,5.0,观察者网 官方账号,,1.0,1,10330740.0,观察者网,保密,7379254,18033,455949955,单个自制视频总播放数>=100万
相关视频,BV1vZ421K7zA,顾客 嫌 胖 东来 买 鸡肉 肥 很多 油 肉皮 中间 弄 下来 网友 东西 还整,BV1Q5pUeTEgK,76790,48,601,66,27,21,2838,0,社会,河南都市频道,577875634.0,https://www.bilibili.com/video/BV1Q5pUeTEgK/,885,2024-08-26 12:53,2024-08-19 09:08:59,河南都市频道,577875634.0,5.0,河南广播电视台都市频道官方账号,,1.0,1,577875634.0,河南都市频道,男,57150,11449,12867684,单个自制视频总播放数>=10万
相关视频,BV1ex2rYFETb,主播 联播 送别 袁老 两粒 种子 要种 心田,BV1Jq4y1j7bb,219463,350,577,2386,3666,805,32353,0,热点,央视新闻,456664753.0,https://www.bilibili.com/video/BV1Jq4y1j7bb/,209,2024-10-13 10:53,2021-05-24 14:52:56,央视新闻,456664753.0,5.0,央视新闻官方账号,,1.0,1,456664753.0,央视新闻,保密,19557420,7446,351921617,单个自制视频总播放数>=100万
相关视频,BV1wZ421K7dU,理解 我国 禁止 进口 日本 福岛 十地 食品,BV12s4y167GT,464286,2175,3366,2831,6333,2217,84749,0,综合,央视农业,1343321779.0,https://www.bilibili.com/video/BV12s4y167GT/,248,2024-07-30 23:53,2023-07-07 14:57:24,央视农业,1343321779.0,5.0,CCTV-17农业农村频道新闻部官方账号,,1.0,1,1343321779.0,央视农业,保密,2764441,1244,73329829,单个自制视频总播放数>=100万
热门视频,,牛吃草 为啥 突然 停顿 原因 找到 主播 三农,BV15e4geyExW,237219,269,561,912,651,289,30797,0,综合,央视农业,1343321779.0,https://www.bilibili.com/video/BV15e4geyExW/,1762,2024-10-02 01:53,2024-10-03 10:00:00,央视农业,1343321779.0,5.0,CCTV-17农业农村频道新闻部官方账号,,1.0,1,1343321779.0,央视农业,保密,2767418,1247,73437459,单个自制视频总播放数>=100万
相关视频,BV1PT421z7Xm,献血 献血 量 毫升 志愿 群发 急需 用血 求助 踢 血站 回应,BV1VS421Q7cM,221638,143,1876,697,296,667,10254,0,社会,四川观察,487614876.0,https://www.bilibili.com/video/BV1VS421Q7cM/,931,2024-08-28 10:53,2024-08-29 03:06:58,四川观察,487614876.0,5.0,四川广播电视台官方账号,,1.0,1,487614876.0,四川观察,保密,938678,10872,153107449,单个自制视频总播放数>=100万
相关视频,BV1AE421w72A,巴西 球员 受伤 对手 抱 下场 全场 观众 掌声雷动,BV1ex4y1s7RW,144013,164,332,1452,391,526,26588,0,竞技体育,环球时报,10303206.0,https://www.bilibili.com/video/BV1ex4y1s7RW/,377,2024-08-05 08:53,2024-08-05 03:44:49,环球时报,10303206.0,5.0,环球时报官方账号,,1.0,1,10303206.0,环球时报,保密,1858752,8411,33674542,所有自制视频总播放数>=100万
相关视频,BV1mf421v7am,破 世界纪录 夺冠 潘展乐 自由泳 摘金,BV1CE421w74E,158365,62,396,339,326,187,18437,0,热点,人民日报,1131457022.0,https://www.bilibili.com/video/BV1CE421w74E/,442,2024-08-08 01:53,2024-08-01 00:10:54,人民日报,1131457022.0,5.0,人民日报官方账号,,1.0,1,1131457022.0,人民日报,保密,15220715,3042,157267295,单个自制视频总播放数>=100万
相关视频,BV1mf421v7am,展示 潘展乐 晒 巴黎 奥运会 金牌,BV1Qw4m1k7uc,441238,419,444,1506,324,157,52458,0,热点,人民日报,1131457022.0,https://www.bilibili.com/video/BV1Qw4m1k7uc/,442,2024-08-08 01:53,2024-08-06 15:37:47,人民日报,1131457022.0,5.0,人民日报官方账号,,1.0,1,1131457022.0,人民日报,保密,15220715,3042,157267295,单个自制视频总播放数>=100万
相关视频,BV1rJ2VY8EEE,颜控们 有救 巴西 艺术家 创作 人脸 口罩,BV1gy4y167V3,419128,112,225,950,43,112,6830,0,环球,CGTN,569956690.0,https://www.bilibili.com/video/BV1gy4y167V3/,180,2024-10-12 05:53,2020-11-14 04:15:44,CGTN,569956690.0,5.0,CGTN中国国际电视台官方账号,,1.0,1,569956690.0,CGTN,男,833104,11674,15351970,所有自制视频总播放数>=100万
相关视频,BV1xb421J7mJ,台湾 特种部队 公开 表演 快反 射击 放心,BV1cJ411E7j7,12637836,27666,19663,44529,16952,44512,258189,0,热点,央视网,222103174.0,https://www.bilibili.com/video/BV1cJ411E7j7/,45,2024-07-22 12:53,2020-01-16 23:30:35,央视网,222103174.0,5.0,央视网官方账号,,1.0,1,222103174.0,央视网,保密,4421260,23041,180721583,单个自制视频总播放数>=100万
相关视频,BV1dRtQeNEex,镜头 转向 另一边 冬奥 冰雪 守望者,BV1K34y1172D,191621,275,209,521,737,118,31579,0,社会,央视新闻,456664753.0,https://www.bilibili.com/video/BV1K34y1172D/,1450,2024-09-19 01:53,2022-02-09 02:53:26,央视新闻,456664753.0,5.0,央视新闻官方账号,,1.0,1,456664753.0,央视新闻,保密,19554364,7443,351841688,单个自制视频总播放数>=100万
相关视频,BV1qb2VYWEwA,消防员 身体 成人 桥 转移 受困 群众,BV1ce411u7Xt,383126,470,471,2272,7073,681,61349,0,社会,央视新闻,456664753.0,https://www.bilibili.com/video/BV1ce411u7Xt/,152,2024-10-11 01:53,2022-09-08 14:04:24,央视新闻,456664753.0,5.0,央视新闻官方账号,,1.0,1,456664753.0,央视新闻,保密,19554364,7443,351841688,单个自制视频总播放数>=100万
相关视频,BV1cs2BYPEQQ,看着 黑人 少年 打砸抢 忍不住 劝说,BV1fK4y1x7ng,2785294,2346,6128,43117,29614,15105,123931,0,环球,人民网,33775467.0,https://www.bilibili.com/video/BV1fK4y1x7ng/,225,2024-10-14 02:53,2020-06-01 15:34:09,人民网,33775467.0,5.0,人民网官方账号,,1.0,1,33775467.0,人民网,保密,3643227,5696,64631509,
相关视频,BV1L1421t7GU,挽救 赛点 追分 中国队 逆转 日本队,BV1ks4y1K7w3,744289,384,610,3241,4892,1065,118809,0,竞技体育,人民日报,1131457022.0,https://www.bilibili.com/video/BV1ks4y1K7w3/,475,2024-08-09 10:53,2023-05-21 03:07:18,人民日报,1131457022.0,5.0,人民日报官方账号,,1.0,1,1131457022.0,人民日报,保密,15220715,3042,157267295,单个自制视频总播放数>=100万
相关视频,BV17T421z7JA,氪 嫌弃 中专 技校,BV14t4y1a78K,5543271,32991,25491,93269,87334,42288,268095,0,财经商业,36氪,90183256.0,https://www.bilibili.com/video/BV14t4y1a78K/,784,2024-08-22 07:53,2022-06-23 09:46:54,36氪,90183256.0,5.0,36氪官方账号,,1.0,1,90183256.0,36氪,保密,2406648,411,9233823,单个自制视频总播放数>=100万
相关视频,BV1arxbeZE6E,定 第九 批在 韩 志愿军 烈士 遗骸 回国,BV1EB4y157U6,105911,516,338,533,1668,277,26452,0,热点,央视频,433587902.0,https://www.bilibili.com/video/BV1EB4y157U6/,1694,2024-09-29 05:53,2022-08-26 06:34:24,央视频,433587902.0,5.0,央视频官方账号,,1.0,1,433587902.0,央视频,保密,3408954,8334,60954264,单个自制视频总播放数>=100万
相关视频,BV1wZ421K7dU,果农 拉 粘鸟 网恐 判刑 鸟 农之争 咋办,BV1CT411A76E,695697,3567,5712,2033,1568,642,87763,0,社会,央视农业,1343321779.0,https://www.bilibili.com/video/BV1CT411A76E/,248,2024-07-30 23:53,2022-08-15 12:26:20,央视农业,1343321779.0,5.0,CCTV-17农业农村频道新闻部官方账号,,1.0,1,1343321779.0,央视农业,保密,2764441,1244,73329829,单个自制视频总播放数>=100万
相关视频,BV12v4meBE8F,中秋 韩国 单人 家庭 占 比超,BV1Zu4oe7E1b,50061,138,842,199,18,355,3071,0,热点,央视网,222103174.0,https://www.bilibili.com/video/BV1Zu4oe7E1b/,1354,2024-09-15 01:53,2024-09-16 07:26:27,央视网,222103174.0,5.0,央视网官方账号,,1.0,1,222103174.0,央视网,保密,4424576,23056,180973571,单个自制视频总播放数>=100万
相关视频,BV1Vb421J7uh,全国 首例 沪 买 套房 跑 骗子 竟然 骗取 银行 房贷,BV1Ba4y1B7sV,3455747,6554,5055,6539,1224,7459,16764,0,社会,SMG案件聚焦,476854563.0,https://www.bilibili.com/video/BV1Ba4y1B7sV/,209,2024-07-29 08:53,2023-12-27 03:15:00,SMG案件聚焦,476854563.0,5.0,《案件聚焦》官方账号,,1.0,1,476854563.0,SMG案件聚焦,保密,50459,558,322155,
相关视频,BV1uE421w78D,拿出 豆包 那一刻 蚌埠 住,BV1ET4y1X7PR,5640444,64298,6918,24697,18662,9326,400355,0,社会,央视新闻,456664753.0,https://www.bilibili.com/video/BV1ET4y1X7PR/,149,2024-07-26 20:53,2022-02-09 08:17:58,央视新闻,456664753.0,5.0,央视新闻官方账号,,1.0,1,456664753.0,央视新闻,保密,19538939,7435,351374038,单个自制视频总播放数>=100万
相关视频,BV1kG4heJE3F,刘亦菲 美国 取消资格 最新 回应,BV17E46eTEdi,62857,170,873,102,114,86,2894,0,热点,长安街知事,630882981.0,https://www.bilibili.com/video/BV17E46eTEdi/,1237,2024-09-10 04:53,2024-09-11 07:41:20,长安街知事,630882981.0,5.0,长安街知事官方账号,,1.0,1,630882981.0,长安街知事,保密,211674,1291,5696098,所有自制视频总播放数>=100万
相关视频,BV1MTxLeyEqV,身家 亿 证券公司 董事长 疯狂 妻子 刀 破产 怀疑 娇妻 出轨 丈夫 缓刑 期间 威胁 同归于尽,BV18UxKeREiD,144406,121,960,430,29,385,2222,0,社会,四川观察,487614876.0,https://www.bilibili.com/video/BV18UxKeREiD/,1640,2024-09-26 23:53,2024-09-28 06:11:14,四川观察,487614876.0,5.0,四川广播电视台官方账号,,1.0,1,487614876.0,四川观察,保密,939183,10883,153387295,单个自制视频总播放数>=100万
相关视频,BV1KU411S7rq,西游 张扬 对话 黑神话悟空 制作 冯骥 踏上 取经 抵达 灵山 重要,BV1zy411e7Bd,930724,5547,4979,15593,39952,16347,93081,0,热点,新华社,473837611.0,https://www.bilibili.com/video/BV1zy411e7Bd/,716,2024-08-19 11:53,2024-08-19 06:06:13,新华社,473837611.0,5.0,新华社官方账号,,1.0,1,473837611.0,新华社,保密,16698094,5410,213795957,
相关视频,BV1Jb421J7cz,走 冠军 中国 没关系,BV1oP4y1A7Lm,2837727,200,1269,11188,1458,1137,130106,0,热点,环球网,483787858.0,https://www.bilibili.com/video/BV1oP4y1A7Lm/,530,2024-08-11 17:53,2022-02-08 06:06:27,环球网,483787858.0,5.0,环球网官方账号,,1.0,1,483787858.0,环球网,保密,1421269,30048,210348227,单个自制视频总播放数>=100万
相关视频,BV1ur421M7ya,谣言 必须 澄清,BV1hL4y177HD,10225201,816,96,27473,4943,5236,399370,0,搞笑,上海海洋大学,423391819.0,https://www.bilibili.com/video/BV1hL4y177HD/,511,2024-08-10 22:53,2022-03-28 04:57:20,上海海洋大学,423391819.0,6.0,上海海洋大学官方账号,,1.0,1,423391819.0,上海海洋大学,保密,48226,224,756994,所有自制视频总播放数>=100万
相关视频,BV1k2421Z77v,央视 农业 谈谈 激光炮,BV1jh4y1k7ji,845367,2684,2552,5604,6386,2469,134798,0,综合,央视农业,1343321779.0,https://www.bilibili.com/video/BV1jh4y1k7ji/,783,2024-08-22 06:53,2023-08-09 14:29:08,央视农业,1343321779.0,5.0,CCTV-17农业农村频道新闻部官方账号,,1.0,1,1343321779.0,央视农业,保密,2766598,1246,73397979,单个自制视频总播放数>=100万
相关视频,BV1cs2BYPEQQ,惊悚 洛杉矶 歌手 直播 脸部 突遭 枪击 倒下 咕哝 求助,BV1Jh41167DX,2152183,1101,1024,3417,209,911,21660,0,环球,青蜂侠-Bee,328271007.0,https://www.bilibili.com/video/BV1Jh41167DX/,225,2024-10-14 02:53,2021-07-12 01:47:39,青蜂侠-Bee,328271007.0,5.0,中国青年网短视频官方账号,,1.0,1,328271007.0,青蜂侠-Bee,保密,570278,20290,59352333,单个自制视频总播放数>=100万
相关视频,BV19f421e7Cc,暖意 融融 冬奥会 瞬间 温暖 人心,BV1Ki4y127Lz,350781,190,619,3425,1587,610,30014,0,热点,央视新闻,456664753.0,https://www.bilibili.com/video/BV1Ki4y127Lz/,1018,2024-09-01 01:53,2022-02-20 13:14:48,央视新闻,456664753.0,5.0,央视新闻官方账号,,1.0,1,456664753.0,央视新闻,保密,19550189,7442,351768520,单个自制视频总播放数>=100万
相关视频,BV1uE421w78D,我要 涮羊肉,BV1aa411C7rP,755564,1716,1719,3718,3393,1555,62401,0,社会,央视新闻,456664753.0,https://www.bilibili.com/video/BV1aa411C7rP/,149,2024-07-26 20:53,2022-02-18 05:02:31,央视新闻,456664753.0,5.0,央视新闻官方账号,,1.0,1,456664753.0,央视新闻,保密,19538939,7435,351374038,单个自制视频总播放数>=100万
相关视频,BV1HZ421N772,韩国 乒乓球 教练 赛后 哭泣 每次 遇到 中国队 输 多年,BV1j1421879i,580390,721,3558,1283,73,682,20822,0,竞技体育,环球网,483787858.0,https://www.bilibili.com/video/BV1j1421879i/,422,2024-08-07 05:53,2024-08-07 13:05:38,环球网,483787858.0,5.0,环球网官方账号,,1.0,1,483787858.0,环球网,保密,1421269,30048,210348227,单个自制视频总播放数>=100万
相关视频,BV19vsueMEQH,中国 驻美 大使 谢锋 向美商 界 介绍 黑神话悟空,BV1VU411m7nT,48484,81,0,446,274,1082,6883,0,热点,环球时报,10303206.0,https://www.bilibili.com/video/BV1VU411m7nT/,911,2024-08-27 14:53,2024-08-28 07:42:52,环球时报,10303206.0,5.0,环球时报官方账号,,1.0,1,10303206.0,环球时报,保密,1859948,8443,33845218,所有自制视频总播放数>=100万
相关视频,BV1Z54feQE7L,和田 劫机 案 画面 曝光 恐怖分子 效仿 美国 试图 劫机 发动 袭击,BV1XF411z7bX,183115,11,135,720,37,131,4972,0,热点,环球网,483787858.0,https://www.bilibili.com/video/BV1XF411z7bX/,1316,2024-09-13 11:53,2021-12-14 07:10:59,环球网,483787858.0,5.0,环球网官方账号,,1.0,1,483787858.0,环球网,保密,1422102,30098,210818986,单个自制视频总播放数>=100万
相关视频,BV1UH4y1c7KG,乌军 攻入 俄 领土 普京 当务之急 乌军 赶走,BV1hb421J7KA,152950,121,1563,473,62,593,5463,0,热点,央视军事,46470268.0,https://www.bilibili.com/video/BV1hb421J7KA/,596,2024-08-14 11:53,2024-08-13 02:36:37,央视军事,46470268.0,5.0,央视军事官方账号,中央广播电视总台国防军事频道官方账号,1.0,1,46470268.0,央视军事,保密,1635512,1384,23141868,
相关视频,BV14x4y14754,感谢 坚持 梦,BV1Qm4y1T7fB,879100,1843,1843,15483,39952,5836,107799,0,篮球,新华社,473837611.0,https://www.bilibili.com/video/BV1Qm4y1T7fB/,268,2024-07-31 19:53,2023-08-31 08:13:08,新华社,473837611.0,5.0,新华社官方账号,,1.0,1,473837611.0,新华社,保密,16689285,5404,213681222,
相关视频,BV1Mw4m1k7rf,疫苗 护照 随意 出境 全球 推广 难点,BV1nK4y1T7ij,40183,37,145,126,150,96,8038,0,社会,央视新闻,456664753.0,https://www.bilibili.com/video/BV1nK4y1T7ij/,625,2024-08-15 16:53,2021-03-20 00:30:03,央视新闻,456664753.0,5.0,央视新闻官方账号,,1.0,1,456664753.0,央视新闻,保密,19538939,7435,351374038,单个自制视频总播放数>=100万
相关视频,BV1vH4y1c7Ev,传奇 布雷 迪 现场 观看 全红婵 陈芋汐 跳水 比赛 发 中文 惊叹 人外有人 天外有天,BV1z2421Z7N4,87824,5,81,68,10,20,3802,0,竞技体育,观察者网,10330740.0,https://www.bilibili.com/video/BV1z2421Z7N4/,419,2024-08-07 02:53,2024-08-07 07:47:58,观察者网,10330740.0,5.0,观察者网 官方账号,,1.0,1,10330740.0,观察者网,保密,7380447,18013,448282665,单个自制视频总播放数>=100万
热门视频,,以色列 代表 联大 马戏团 当场 遭回 怼,BV1bFt5e7EPy,148437,814,498,1714,1897,1361,17008,0,综合,央视新闻,456664753.0,https://www.bilibili.com/video/BV1bFt5e7EPy/,1395,2024-09-16 18:53,2024-09-18 03:52:58,央视新闻,456664753.0,5.0,央视新闻官方账号,,1.0,1,456664753.0,央视新闻,保密,19554364,7443,351841688,单个自制视频总播放数>=100万
相关视频,BV1hmsoeeEcX,车停 地库 偷开 未 发现 原因 偷开 每次 还车 还加 块钱 油,BV1Z8xPeFEpa,97793,7,335,69,11,77,1900,0,社会,四川观察,487614876.0,https://www.bilibili.com/video/BV1Z8xPeFEpa/,1646,2024-09-27 05:53,2024-09-28 03:33:54,四川观察,487614876.0,5.0,四川广播电视台官方账号,,1.0,1,487614876.0,四川观察,保密,939183,10883,153387295,单个自制视频总播放数>=100万
相关视频,BV15oHZeiEJS,女生 金池长老 神 还原 觉得 角色 可爱,BV1UnH9eyEMv,142407,35,150,161,12,302,3854,0,综合,西部决策D视频,602902262.0,https://www.bilibili.com/video/BV1UnH9eyEMv/,1143,2024-09-06 06:53,2024-09-06 15:15:37,西部决策D视频,602902262.0,5.0,西部决策网D视频官方账号,,1.0,1,602902262.0,西部决策D视频,保密,76216,21131,24338022,单个自制视频总播放数>=100万
相关视频,BV1WYt4eVEX3,第一期 少年 十八岁 周深 讲述 国宝 背后 少年 故事 国家 宝藏 展演 季,BV1qL411G7gX,2687118,14749,2034,14545,14026,4309,36626,0,Unknown,CCTV_国家宝藏,258844831.0,https://www.bilibili.com/video/BV1qL411G7gX/,1378,2024-09-16 01:53,2021-10-23 11:45:01,CCTV_国家宝藏,258844831.0,5.0,中央广播电视总台央视《国家宝藏》节目,,1.0,1,258844831.0,CCTV_国家宝藏,保密,1328568,788,3463704,
相关视频,BV1Vb42177bP,第五 金 盛李豪 光靠 干饭 夺 一金,BV1cS421d7Xw,266958,153,771,510,250,259,16988,0,热点,新华社,473837611.0,https://www.bilibili.com/video/BV1cS421d7Xw/,210,2024-07-29 09:53,2024-07-29 10:44:08,新华社,473837611.0,5.0,新华社官方账号,,1.0,1,473837611.0,新华社,保密,16689285,5404,213681222,
相关视频,BV1HM4m1Y7vx,中国 速度 武警 连夜 架桥 连接 受灾 村,BV1iT421r7ow,25919,13,84,105,45,45,2545,0,社会,央视网快看,451320374.0,https://www.bilibili.com/video/BV1iT421r7ow/,876,2024-08-26 03:53,2024-08-22 07:55:03,央视网快看,451320374.0,5.0,央视网新闻频道官方账号,,1.0,1,451320374.0,央视网快看,保密,1793918,7797,65781077,
热门视频,,完整 视频 天安门广场 国庆 升国旗 仪式,BV1Vsx8ebEVR,67371,581,321,1165,2889,999,9357,0,热点,央视网,222103174.0,https://www.bilibili.com/video/BV1Vsx8ebEVR/,1693,2024-09-29 04:53,2024-09-30 22:44:06,央视网,222103174.0,5.0,央视网官方账号,,1.0,1,222103174.0,央视网,保密,4424576,23056,180973571,单个自制视频总播放数>=100万
相关视频,BV1Km21YaETJ,别酸 北国 蔓越莓 竟是 国产 真酸主播 三农,BV155411i7u8,402708,447,1306,1156,1043,690,42957,0,综合,央视农业,1343321779.0,https://www.bilibili.com/video/BV155411i7u8/,163,2024-10-11 12:53,2024-01-08 15:17:06,央视农业,1343321779.0,5.0,CCTV-17农业农村频道新闻部官方账号,,1.0,1,1343321779.0,央视农业,保密,2767418,1247,73437459,单个自制视频总播放数>=100万
热门视频,,现场 画面 总理 联大 发言 国 代表 纷纷 离场 以示 抗议,BV1VsxTecEw1,309764,516,473,931,512,537,16949,0,综合,央视新闻,456664753.0,https://www.bilibili.com/video/BV1VsxTecEw1/,1645,2024-09-27 04:53,2024-09-28 04:50:23,央视新闻,456664753.0,5.0,央视新闻官方账号,,1.0,1,456664753.0,央视新闻,保密,19554364,7443,351841688,单个自制视频总播放数>=100万
相关视频,BV144421o7k5,相对论 医学 无法 战胜 疾病 做,BV1cW4y1872J,351855,326,669,4444,5198,2845,31144,0,社会,央视新闻,456664753.0,https://www.bilibili.com/video/BV1cW4y1872J/,887,2024-08-26 14:53,2022-08-19 12:03:16,央视新闻,456664753.0,5.0,央视新闻官方账号,,1.0,1,456664753.0,央视新闻,保密,19550189,7442,351768520,单个自制视频总播放数>=100万
相关视频,BV1Jb42177To,人民 海军 首部 航母 主题 宣传片 深蓝 深蓝 片尾 彩蛋 更加 精彩,BV1eu411k7Ev,1847267,8967,7115,43942,117350,26265,176381,0,热点,新华社,473837611.0,https://www.bilibili.com/video/BV1eu411k7Ev/,512,2024-08-10 23:53,2022-04-22 00:37:42,新华社,473837611.0,5.0,新华社官方账号,,1.0,1,473837611.0,新华社,保密,16689285,5404,213681222,
相关视频,BV1o4421U7BX,金牌 奥运会 每个 拼搏 英雄,BV1wh411z7ru,60111,65,594,248,313,71,17379,0,竞技体育,新华社,473837611.0,https://www.bilibili.com/video/BV1wh411z7ru/,327,2024-08-03 06:53,2021-07-27 14:42:53,新华社,473837611.0,5.0,新华社官方账号,,1.0,1,473837611.0,新华社,保密,16689285,5404,213681222,
相关视频,BV1G1421t7RK,江寻千 这位 主 视频 不敢 催,BV1JZ421p78g,738835,766,782,15099,26699,1638,112795,0,手工,新华社,473837611.0,https://www.bilibili.com/video/BV1JZ421p78g/,329,2024-08-03 08:53,2024-06-03 07:54:58,新华社,473837611.0,5.0,新华社官方账号,,1.0,1,473837611.0,新华社,保密,16689285,5404,213681222,
相关视频,BV1bFt5e7EPy,主播 联播 征途 星辰 大海 世道人心,BV1jz411z7q6,102979,224,513,598,840,350,16310,0,热点,央视新闻,456664753.0,https://www.bilibili.com/video/BV1jz411z7q6/,1395,2024-09-16 18:53,2020-04-24 14:19:01,央视新闻,456664753.0,5.0,央视新闻官方账号,,1.0,1,456664753.0,央视新闻,保密,19554364,7443,351841688,单个自制视频总播放数>=100万
相关视频,BV16Z421T73G,东北 人能 拒绝 一声声 大哥,BV11c411w7Y6,1476665,73,1163,806,79,105,16905,0,搞笑,川观新闻,497987732.0,https://www.bilibili.com/video/BV11c411w7Y6/,1,2024-07-20 16:53,2023-05-20 08:41:48,川观新闻,497987732.0,5.0,四川日报新闻客户端,,1.0,1,497987732.0,川观新闻,女,125347,14168,27937584,所有自制视频总播放数>=100万
相关视频,BV1HP2zYqELC,金发 萌娃 中国 考试 中文 英语 不及格 开口 网友 悟,BV1if4y1t76E,6358979,446,1790,7114,583,429,70645,0,社会,直播日照,590804848.0,https://www.bilibili.com/video/BV1if4y1t76E/,207,2024-10-13 08:53,2021-06-23 08:06:35,直播日照,590804848.0,5.0,日照广播电视台官方账号,,1.0,1,590804848.0,直播日照,保密,98380,14847,40776495,单个自制视频总播放数>=100万
相关视频,BV1ux4y1476o,员工 曝 劈 腿 男钱色 交易 涉 多家 基金 员工 东证 期货 警方 立案,BV1Yr421K718,225369,192,1081,1477,202,2597,7046,0,社会,四川观察,487614876.0,https://www.bilibili.com/video/BV1Yr421K718/,211,2024-07-29 10:53,2024-07-29 09:14:11,四川观察,487614876.0,5.0,四川广播电视台官方账号,,1.0,1,487614876.0,四川观察,保密,937471,10850,152725193,单个自制视频总播放数>=100万
热门视频,,王力宏 献唱 经典 歌 成龙 大哥 打拍子 黄晓明 手机 直拍 肖战 阿云嘎摇着 身子 跟唱 氛围 太好了,BV1YZskehEBq,172928,721,1214,1471,2287,2109,7826,0,音乐现场,电影频道融媒体中心,343084292.0,https://www.bilibili.com/video/BV1YZskehEBq/,1521,2024-09-22 00:53,2024-09-22 13:47:52,电影频道融媒体中心,343084292.0,5.0,电影频道融媒体中心,,1.0,1,343084292.0,电影频道融媒体中心,保密,810709,4290,10202457,所有自制视频总播放数>=100万
相关视频,BV1B4421Z7bD,邯郸 银行 董事长 身亡 警方 通报 嫌疑人 当场 控制,BV1Tf421i7tt,530357,2177,11566,2045,620,6498,20962,0,社会,四川观察,487614876.0,https://www.bilibili.com/video/BV1Tf421i7tt/,637,2024-08-16 04:53,2024-08-16 06:00:17,四川观察,487614876.0,5.0,四川广播电视台官方账号,,1.0,1,487614876.0,四川观察,保密,937471,10850,152725193,单个自制视频总播放数>=100万
热门视频,,自愿 签订 出门在外 互帮 父母 条约 暖心 约定 太好了,BV1fv2JYCEwy,318004,93,551,745,802,55,43288,0,社会,河南民生频道,403207842.0,https://www.bilibili.com/video/BV1fv2JYCEwy/,113,2024-10-09 10:53,2024-10-08 09:43:21,河南民生频道,403207842.0,5.0,河南广播电视台民生频道《大参考》栏目官方账号,,1.0,1,403207842.0,河南民生频道,保密,196197,2182,6288055,单个自制视频总播放数>=100万
相关视频,BV1Dw4m1r7KD,主播 联播 湖北 归队 帮 一把,BV1aK4y1b7CB,74945,103,193,203,418,288,12081,0,社会,央视新闻,456664753.0,https://www.bilibili.com/video/BV1aK4y1b7CB/,697,2024-08-18 16:53,2020-04-27 14:50:34,央视新闻,456664753.0,5.0,央视新闻官方账号,,1.0,1,456664753.0,央视新闻,保密,19550189,7442,351768520,单个自制视频总播放数>=100万
相关视频,BV1rf421e7Yo,泪目 陈祥榕 烈士 生前 珍贵 影像,BV1M3411374c,176535,644,386,1795,1535,748,32910,0,热点,人民日报,1131457022.0,https://www.bilibili.com/video/BV1M3411374c/,843,2024-08-24 18:53,2022-06-15 04:32:26,人民日报,1131457022.0,5.0,人民日报官方账号,,1.0,1,1131457022.0,人民日报,保密,15228335,3044,157344819,单个自制视频总播放数>=100万
相关视频,BV1wT421r7oP,浙大 研究生 晒 奖学金 证书 缅怀 宗庆后,BV1zx4y1r7qM,70838,25,48,256,135,23,20481,0,日常,西部决策D视频,602902262.0,https://www.bilibili.com/video/BV1zx4y1r7qM/,205,2024-07-29 04:53,2024-02-26 08:27:03,西部决策D视频,602902262.0,5.0,西部决策网D视频官方账号,,1.0,1,602902262.0,西部决策D视频,保密,76202,21108,28989092,单个自制视频总播放数>=100万
相关视频,BV1mr2RYsEKC,中国 做,BV1P44y1z78p,1416537,5522,1057,51679,28786,22289,87963,0,社会,人民网,33775467.0,https://www.bilibili.com/video/BV1P44y1z78p/,264,2024-10-15 17:53,2021-06-26 10:55:24,人民网,33775467.0,5.0,人民网官方账号,,1.0,1,33775467.0,人民网,保密,3643227,5696,64631509,
相关视频,BV1zr421M7Kk,胖 东来 捧杀 对哥 无效,BV1jK42187do,4902392,2601,6708,13094,9000,2245,296164,0,科学科普,中国食品报融媒体,439478093.0,https://www.bilibili.com/video/BV1jK42187do/,31,2024-07-21 22:53,2024-02-21 10:35:15,中国食品报融媒体,439478093.0,5.0,中国食品报融媒体官方帐号,,1.0,1,439478093.0,中国食品报融媒体,保密,3800644,445,52536069,单个自制视频总播放数>=100万
相关视频,BV1wZ421K7dU,交配 终生 产卵 黑寡妇 有多毒,BV1MG411w7ye,977773,1602,1700,4166,1797,1394,131816,0,综合,央视农业,1343321779.0,https://www.bilibili.com/video/BV1MG411w7ye/,248,2024-07-30 23:53,2022-11-08 14:23:59,央视农业,1343321779.0,5.0,CCTV-17农业农村频道新闻部官方账号,,1.0,1,1343321779.0,央视农业,保密,2764441,1244,73329829,单个自制视频总播放数>=100万
